x,y_initial,y_clean
-5,6.704775927,6.540192897
-4.994997499,6.324751445,6.537742888
-4.989994997,6.496602631,6.535570071
-4.984992496,6.479424189,6.534936165
-4.979989995,5.751703591,6.535002061
-4.974987494,6.4255823,6.535518983
-4.969984992,6.331464847,6.536354467
-4.964982491,6.511664202,6.536795721
-4.95997999,6.385353529,6.537273913
-4.954977489,6.673494161,6.537847768
-4.949974987,6.204650733,6.53856805
-4.944972486,6.563684696,6.539991048
-4.939969985,6.52876893,6.541744515
-4.934967484,6.588123952,6.543262672
-4.929964982,6.019786733,6.54480079
-4.924962481,6.464334747,6.546834245
-4.91995998,6.319970585,6.548750753
-4.914957479,6.839094996,6.550915891
-4.909954977,6.643509305,6.552678518
-4.904952476,6.558020475,6.552111872
-4.899949975,6.650118605,6.550490148
-4.894947474,6.475880615,6.54824648
-4.889944972,6.556855876,6.545537063
-4.884942471,6.537027389,6.54334458
-4.87993997,6.911681035,6.541110197
-4.874937469,6.385718686,6.538682151
-4.869934967,6.403353978,6.536077614
-4.864932466,6.519508778,6.532742316
-4.859929965,6.840463913,6.529031186
-4.854927464,6.620168895,6.525758447
-4.849924962,6.908153906,6.522486316
-4.844922461,6.593634941,6.518239646
-4.83991996,6.713353139,6.514090446
-4.834917459,6.533813603,6.509624962
-4.829914957,6.666752212,6.505732679
-4.824912456,6.915276777,6.505374278
-4.819909955,6.563017439,6.506689945
-4.814907454,6.349046406,6.508348049
-4.809904952,6.698658454,6.510665331
-4.804902451,6.656125359,6.513572783
-4.79989995,6.696072544,6.516655231
-4.794897449,6.568094617,6.520415026
-4.789894947,6.594273434,6.524092031
-4.784892446,6.788667708,6.525498208
-4.779889945,6.673389302,6.525949901
-4.774887444,6.73608165,6.526460033
-4.769884942,6.644553694,6.526693552
-4.764882441,6.534168441,6.526569414
-4.75987994,6.622575749,6.526486521
-4.754877439,6.667855962,6.525750349
-4.749874937,6.667060858,6.525202357
-4.744872436,6.610242583,6.527088995
-4.739869935,6.606694285,6.529785644
-4.734867434,6.583959646,6.53313262
-4.729864932,6.597368077,6.536557212
-4.724862431,6.581769304,6.537971744
-4.71985993,6.553633089,6.538765452
-4.714857429,6.557821169,6.538886238
-4.709854927,6.544413538,6.538729916
-4.704852426,6.536854968,6.54078061
-4.699849925,6.530642669,6.543403701
-4.694847424,6.503603477,6.544277175
-4.689844922,6.471008282,6.544417797
-4.684842421,6.473222182,6.545698464
-4.67983992,6.438751309,6.545712027
-4.674837419,6.461781449,6.545730574
-4.669834917,6.45203597,6.543344816
-4.664832416,6.391812986,6.531154578
-4.659829915,6.348460545,6.513902326
-4.654827414,6.294029098,6.494016264
-4.649824912,6.390207325,6.471417685
-4.644822411,6.307363751,6.448122806
-4.63981991,6.23996658,6.423485421
-4.634817409,6.31165073,6.396668502
-4.629814907,6.25806294,6.368512974
-4.624812406,6.310869056,6.340370953
-4.619809905,6.273933273,6.311508164
-4.614807404,6.202518011,6.282068959
-4.609804902,6.168173687,6.251815535
-4.604802401,6.187298357,6.219638329
-4.5997999,6.054923478,6.186578425
-4.594797399,6.089571712,6.152528929
-4.589794897,6.194886761,6.118111325
-4.584792396,6.123990782,6.085433008
-4.579789895,6.250071944,6.053224361
-4.574787394,6.118981025,6.020723487
-4.569784892,6.126853062,5.988092889
-4.564782391,5.853771234,5.955067988
-4.55977989,6.088569004,5.921636052
-4.554777389,6.13867443,5.888128906
-4.549774887,5.557768775,5.854207004
-4.544772386,5.804559942,5.818963021
-4.539769885,5.991554565,5.78299673
-4.534767384,5.908166885,5.746686457
-4.529764882,5.821116507,5.709985583
-4.524762381,5.695052389,5.673048934
-4.51975988,5.673563719,5.63592182
-4.514757379,5.326386445,5.598420288
-4.509754877,5.591269679,5.560794048
-4.504752376,5.651050535,5.523591441
-4.499749875,5.542245587,5.486456392
-4.494747374,5.526058984,5.449450568
-4.489744872,5.55489627,5.412412115
-4.484742371,5.666593916,5.374742503
-4.47973987,5.388553923,5.336923496
-4.474737369,5.895118155,5.298924062
-4.469734867,5.006149411,5.260959239
-4.464732366,5.212682613,5.223974754
-4.459729865,5.36148845,5.187396078
-4.454727364,5.183475294,5.15054553
-4.449724862,4.760222223,5.113728199
-4.444722361,4.948006904,5.077383536
-4.43971986,5.093090032,5.040921216
-4.434717359,5.191005407,5.004821926
-4.429714857,4.92728478,4.968363968
-4.424712356,4.760426398,4.929438774
-4.419709855,4.95648566,4.88950247
-4.414707354,4.814899845,4.84895343
-4.409704852,4.948494751,4.808084192
-4.404702351,5.134627767,4.768245934
-4.39969985,5.151394579,4.728638051
-4.394697349,5.172933044,4.689174568
-4.389694847,5.222960803,4.649772216
-4.384692346,4.638226993,4.609331339
-4.379689845,4.276421759,4.568595484
-4.374687344,4.538649016,4.528832564
-4.369684842,4.895621838,4.489452686
-4.364682341,4.790626625,4.449240483
-4.35967984,5.019030142,4.409669885
-4.354677339,4.388866182,4.370081369
-4.349674837,4.450902281,4.331832592
-4.344672336,4.537261068,4.29920347
-4.339669835,4.39551077,4.269494376
-4.334667334,4.475259293,4.24111425
-4.329664832,4.090887368,4.2142834
-4.324662331,4.372078204,4.188272358
-4.31965983,4.07621806,4.163084453
-4.314657329,4.346480985,4.139305434
-4.309654827,4.281026611,4.116227919
-4.304652326,4.379084707,4.092157735
-4.299649825,3.257361048,4.068103489
-4.294647324,4.136634571,4.044619377
-4.289644822,3.686139944,4.021595392
-4.284642321,4.100550738,3.999339027
-4.27963982,3.649738826,3.977764132
-4.274637319,4.22353526,3.956532144
-4.269634817,3.952638691,3.935925629
-4.264632316,3.886599641,3.916567095
-4.259629815,4.107213184,3.897957288
-4.254627314,3.503673712,3.880177744
-4.249624812,3.927273645,3.862930756
-4.244622311,3.382759813,3.845293239
-4.23961981,4.129165991,3.827918522
-4.234617309,3.821930642,3.81073597
-4.229614807,3.470230555,3.793983529
-4.224612306,3.940367218,3.778980672
-4.219609805,3.780126294,3.764875712
-4.214607304,4.665117107,3.75044806
-4.209604802,2.572507675,3.736244182
-4.204602301,3.160103011,3.723286464
-4.1995998,2.585148332,3.710301597
-4.194597299,3.664834525,3.697903754
-4.189594797,3.719189178,3.684886006
-4.184592296,2.59640856,3.667419872
-4.179589795,3.568961791,3.647920858
-4.174587294,3.751436109,3.627913162
-4.169584792,3.173461674,3.607132304
-4.164582291,2.819405251,3.586049897
-4.15957979,3.806870373,3.564841795
-4.154577289,3.024220522,3.542942201
-4.149574787,3.342591438,3.521103647
-4.144572286,3.505543385,3.501278331
-4.139569785,3.387267867,3.482299699
-4.134567284,4.030361506,3.46341661
-4.129564782,2.601969957,3.444830718
-4.124562281,2.358408115,3.426367932
-4.11955978,2.724490795,3.40793414
-4.114557279,2.992306521,3.390032082
-4.109554777,3.493199882,3.372142748
-4.104552276,2.811247409,3.352981179
-4.099549775,3.422957295,3.333519344
-4.094547274,4.101491516,3.313720551
-4.089544772,4.288722257,3.294046647
-4.084542271,2.850488465,3.27602258
-4.07953977,3.734285736,3.258587724
-4.074537269,4.072225305,3.241841993
-4.069534767,2.175846655,3.225413491
-4.064532266,3.146798695,3.207233839
-4.059529765,3.944816531,3.188655596
-4.054527264,2.343901245,3.171514267
-4.049524762,3.724416833,3.155020733
-4.044522261,2.675216083,3.137769372
-4.03951976,3.414639965,3.121598835
-4.034517259,3.769361945,3.105504245
-4.029514757,3.078868723,3.091359545
-4.024512256,3.299833623,3.084897748
-4.019509755,2.742231974,3.082438697
-4.014507254,2.348417133,3.082122003
-4.009504752,3.450931922,3.083987704
-4.004502251,3.475368523,3.086422304
-3.99949975,2.619829714,3.089968793
-3.994497249,3.942830557,3.095263224
-3.989494747,3.410525306,3.101679038
-3.984492246,2.528281416,3.108273802
-3.979489745,2.578786257,3.115547988
-3.974487244,4.385790754,3.123315151
-3.969484742,2.702708118,3.13178754
-3.964482241,3.105950245,3.141862799
-3.95947974,3.325792815,3.152673888
-3.954477239,3.893743884,3.164349432
-3.949474737,2.616673337,3.176332777
-3.944472236,2.623883923,3.186777037
-3.939469735,3.682684615,3.196808253
-3.934467234,3.270792093,3.207057382
-3.929464732,3.805043584,3.217421725
-3.924462231,3.100591142,3.228230991
-3.91945973,3.664862367,3.239418913
-3.914457229,3.772663666,3.250713863
-3.909454727,1.918744199,3.262373029
-3.904452226,3.848516242,3.275005118
-3.899449725,3.152865891,3.288204243
-3.894447224,2.80319526,3.30179357
-3.889444722,2.671877406,3.315748072
-3.884442221,2.281873803,3.329818111
-3.87943972,3.05712065,3.34411293
-3.874437219,3.253944248,3.358714847
-3.869434717,2.668689361,3.373553787
-3.864432216,3.988575361,3.388613484
-3.859429715,4.064536262,3.403911397
-3.854427214,3.176082121,3.419218615
-3.849424712,2.880229067,3.434700451
-3.844422211,2.928918292,3.450802395
-3.83941971,3.748221695,3.467100129
-3.834417209,2.766788871,3.483684438
-3.829414707,3.553254884,3.500287378
-3.824412206,4.219818393,3.515890528
-3.819409705,3.139426136,3.531109137
-3.814407204,2.887202737,3.546596368
-3.809404702,5.070952083,3.562072961
-3.804402201,3.582856311,3.577191098
-3.7993997,3.476689116,3.592454489
-3.794397199,3.808184243,3.607401794
-3.789394697,4.290401726,3.622696221
-3.784392196,1.703230097,3.640249602
-3.779389695,2.54164377,3.658730388
-3.774387194,3.800193661,3.677809937
-3.769384692,4.040182346,3.697188324
-3.764382191,3.466583229,3.715555538
-3.75937969,4.15427668,3.733705465
-3.754377189,4.889130931,3.751696979
-3.749374687,4.479456588,3.769643468
-3.744372186,5.572351258,3.788708971
-3.739369685,3.0254317,3.808110583
-3.734367184,3.730652146,3.826571293
-3.729364682,5.953372263,3.844676105
-3.724362181,3.489354876,3.863604154
-3.71935968,3.927336017,3.881907085
-3.714357179,3.921591216,3.900254641
-3.709354677,4.492135332,3.917290041
-3.704352176,3.550244957,3.928760239
-3.699349675,3.487265406,3.937354852
-3.694347174,3.170883839,3.944618275
-3.689344672,4.235768636,3.95036416
-3.684342171,2.701215872,3.955399636
-3.67933967,4.487075801,3.95965001
-3.674337169,4.374446006,3.962552179
-3.669334667,3.378874349,3.964765782
-3.664332166,4.486247423,3.967799014
-3.659329665,3.182451886,3.970760744
-3.654327164,3.328043712,3.973220242
-3.649324662,3.853709915,3.97523969
-3.644322161,3.830621896,3.976451612
-3.63931966,3.559973761,3.977037138
-3.634317159,4.037612766,3.977255268
-3.629314657,4.053829619,3.976946371
-3.624312156,3.147881444,3.975838386
-3.619309655,3.759333407,3.97419324
-3.614307154,4.776565674,3.971866389
-3.609304652,4.721352551,3.969110229
-3.604302151,4.350487595,3.966627676
-3.59929965,4.009388941,3.963900085
-3.594297149,4.408256935,3.961016684
-3.589294647,4.381111176,3.957754503
-3.584292146,3.378928458,3.952975648
-3.579289645,2.918287446,3.947414814
-3.574287144,3.854337759,3.942081467
-3.569284642,4.307070008,3.936534104
-3.564282141,3.955376539,3.929968088
-3.55927964,5.25144331,3.923404922
-3.554277139,3.675231902,3.916340253
-3.549274637,3.801813872,3.909853511
-3.544272136,3.552027768,3.906723303
-3.539269635,3.428967984,3.905059659
-3.534267134,4.836379155,3.905330815
-3.529264632,4.560986758,3.906082902
-3.524262131,2.869366797,3.905269041
-3.51925963,4.652465446,3.905380221
-3.514257129,3.969406835,3.898532337
-3.509254627,3.490648148,3.887977249
-3.504252126,4.317644736,3.905434601
-3.499249625,3.693516226,3.931773044
-3.494247124,4.010327679,3.903409767
-3.489244622,2.357796715,3.861257581
-3.484242121,5.110419382,3.884129286
-3.47923962,3.659904147,3.920944547
-3.474237119,2.957337721,3.923705551
-3.469234617,3.621587233,3.912479663
-3.464232116,4.117317897,3.887709329
-3.459229615,3.584326026,3.872957535
-3.454227114,3.751761323,3.796747061
-3.449224612,2.519795651,3.70191315
-3.444222111,5.616921457,3.881423608
-3.43921961,5.973425624,4.122615026
-3.434217109,5.036375794,4.041857729
-3.429214607,3.409666483,3.882121182
-3.424212106,4.758938084,3.774494142
-3.419209605,2.565448475,3.676210787
-3.414207104,2.10959832,3.783970267
-3.409204602,3.71056233,3.953203535
-3.404202101,5.094679311,3.914715398
-3.3991996,3.130542704,3.81974533
-3.394197099,3.809183364,3.833269668
-3.389194597,4.352847609,3.869309136
-3.384192096,4.548563685,3.838742031
-3.379189595,4.453791624,3.791424281
-3.374187094,3.819169202,3.783673833
-3.369184592,4.547750063,3.784402
-3.364182091,4.678195351,3.764726252
-3.35917959,2.611634796,3.739671991
-3.354177089,3.308184229,3.718256189
-3.349174587,3.394588712,3.696853357
-3.344172086,3.131617716,3.675097024
-3.339169585,2.020091023,3.652984004
-3.334167084,4.211452981,3.630987692
-3.329164582,2.989201535,3.608627525
-3.324162081,4.122431327,3.58471373
-3.31915958,3.8735833,3.560076458
-3.314157079,3.613958714,3.534937062
-3.309154577,3.583222564,3.509451045
-3.304152076,5.14702716,3.484479584
-3.299149575,3.14239612,3.459542076
-3.294147074,3.963502329,3.434216739
-3.289144572,3.021574561,3.408687779
-3.284142071,4.432942446,3.383134214
-3.27913957,2.40248695,3.357320455
-3.274137069,3.267796625,3.331450681
-3.269134567,4.183769923,3.30525419
-3.264132066,3.466888938,3.277788773
-3.259129565,2.523975354,3.249674556
-3.254127064,2.864889633,3.221485834
-3.249124562,4.477901859,3.193045674
-3.244122061,3.098564914,3.164191294
-3.23911956,3.822553688,3.13529239
-3.234117059,1.298509887,3.106026743
-3.229114557,2.739791054,3.076916336
-3.224112056,3.115333259,3.049395338
-3.219109555,2.544610841,3.022523637
-3.214107054,3.056681365,2.99606169
-3.209104552,3.036120842,2.969845599
-3.204102051,2.515438117,2.943017284
-3.19909955,3.819959277,2.916131677
-3.194097049,2.795892047,2.889251532
-3.189094547,2.749275446,2.86248019
-3.184092046,3.681466369,2.836596729
-3.179089545,2.00281486,2.811104208
-3.174087044,3.200760197,2.785279506
-3.169084542,3.26446085,2.759460362
-3.164082041,1.666346835,2.734245646
-3.15907954,2.873467632,2.708878647
-3.154077039,2.140131537,2.683845008
-3.149074537,2.608800719,2.658324688
-3.144072036,2.516719285,2.629876519
-3.139069535,2.672719286,2.600137661
-3.134067034,3.283654562,2.569662773
-3.129064532,3.584842044,2.538729662
-3.124062031,1.720144645,2.50842803
-3.11905953,3.899584773,2.478080783
-3.114057029,1.014557541,2.448530747
-3.109054527,2.51002338,2.418792408
-3.104052026,3.473487543,2.387165819
-3.099049525,2.951109268,2.355711546
-3.094047024,2.74938849,2.320338413
-3.089044522,1.418936219,2.283119295
-3.084042021,2.802709953,2.262418038
-3.07903952,3.04189588,2.247448973
-3.074037019,2.608021834,2.202696676
-3.069034517,0.55850867,2.150552663
-3.064032016,1.165131263,2.137512373
-3.059029515,3.682977058,2.13586076
-3.054027014,1.565750506,2.103063658
-3.049024512,0.876257232,2.063325925
-3.044022011,2.513858153,2.04802844
-3.03901951,1.533806784,2.038913583
-3.034017009,1.858205059,2.017879436
-3.029014507,0.932391141,1.994772553
-3.024012006,1.567565113,1.972106735
-3.019009505,0.069889714,1.948911744
-3.014007004,2.941155597,1.936023115
-3.009004502,2.400096754,1.926513467
-3.004002001,1.866498192,1.89946973
-2.9989995,1.005987876,1.867936401
-2.993996998,2.767654351,1.85628579
-2.988994497,2.564969588,1.848895559
-2.983991996,2.496000713,1.829800284
-2.978989495,2.14191895,1.808831066
-2.973986993,2.942257326,1.77949273
-2.968984492,1.904918439,1.754932829
-2.963981991,3.058680487,1.739925507
-2.95897949,1.879056801,1.712608056
-2.953976988,1.606642884,1.792950524
-2.948974487,2.60873215,1.904660199
-2.943971986,1.75953765,1.692379878
-2.938969485,-0.875363586,1.406584176
-2.933966983,1.019580388,1.466907225
-2.928964482,0.99550156,1.612382173
-2.923961981,2.54873951,1.710783734
-2.91895948,2.229402488,1.798535055
-2.913956978,2.460493599,1.679357172
-2.908954477,0.902099171,1.502329691
-2.903951976,0.400578844,1.478052189
-2.898949475,0.690569151,1.487964067
-2.893946973,1.617827932,1.524834465
-2.888944472,1.144842742,1.575565012
-2.883941971,1.187088173,1.482089711
-2.87893947,1.095293506,1.351787781
-2.873936968,0.579069817,1.370340433
-2.868934467,1.436400984,1.425989879
-2.863931966,3.352890889,1.424511937
-2.858929465,1.600143634,1.409783385
-2.853926963,1.407624996,1.36984302
-2.848924462,0.678943893,1.32067561
-2.843921961,2.232623288,1.304646344
-2.83891946,1.123463923,1.298722243
-2.833916958,1.096596467,1.277484734
-2.828914457,1.051527616,1.252329296
-2.823911956,2.1051219,1.247008097
-2.818909455,0.930658684,1.246092612
-2.813906953,1.938665722,1.214790133
-2.808904452,2.105096784,1.175488813
-2.803901951,-0.031507669,1.155925942
-2.79889945,1.884378855,1.141339995
-2.793896948,0.990816627,1.123749639
-2.788894447,0.651559958,1.105977463
-2.783891946,1.006826777,1.085798361
-2.778889445,1.104443879,1.064839437
-2.773886943,0.886518307,1.045241015
-2.768884442,0.629948611,1.026218571
-2.763881941,0.678378679,1.00641847
-2.75887944,0.713721315,0.987946312
-2.753876938,0.849176982,0.969424006
-2.748874437,2.262996441,0.953253049
-2.743871936,0.260855549,0.946665233
-2.738869435,0.623751437,0.945046248
-2.733866933,0.226455523,0.945925671
-2.728864432,-0.467985508,0.949469201
-2.723861931,2.530996499,0.953928662
-2.71885943,1.592366232,0.959744345
-2.713856928,0.221322798,0.967788458
-2.708854427,2.433178221,0.977121667
-2.703851926,1.38281796,0.985948676
-2.698849425,0.953984147,0.995290863
-2.693846923,1.455619156,1.005323852
-2.688844422,1.006235515,1.016161296
-2.683841921,2.374297353,1.02874276
-2.67883942,0.448559688,1.04229225
-2.673836918,-0.582904933,1.056704521
-2.668834417,-0.083247362,1.071695505
-2.663831916,2.051567282,1.08610854
-2.658829415,0.53054425,1.100569868
-2.653826913,1.998317948,1.115701539
-2.648824412,0.259815912,1.131196694
-2.643821911,1.33673704,1.146670898
-2.63881941,0.209479406,1.162556384
-2.633816908,0.843497034,1.17854167
-2.628814407,0.708102609,1.195059112
-2.623811906,1.570366346,1.213665304
-2.618809405,0.639672256,1.233334223
-2.613806903,1.774836904,1.253091856
-2.608804402,0.821872214,1.273246802
-2.603801901,2.145210306,1.294106664
-2.5987994,2.069587074,1.315017906
-2.593796898,1.95760582,1.33654017
-2.588794397,1.487868203,1.357765639
-2.583791896,1.9925957,1.376195891
-2.578789395,0.896201442,1.393475624
-2.573786893,1.716040027,1.410003891
-2.568784392,1.859867714,1.426086271
-2.563781891,0.781514312,1.443267001
-2.55877939,0.753019871,1.460540604
-2.553776888,1.438545943,1.477806987
-2.548774387,2.128589309,1.494866489
-2.543771886,1.384617164,1.510269179
-2.538769385,1.784111478,1.524940153
-2.533766883,0.06780756,1.540218618
-2.528764382,1.792947597,1.555481639
-2.523761881,2.495997437,1.569624044
-2.51875938,1.147164029,1.584042866
-2.513756878,0.199562888,1.597853126
-2.508754377,-0.026704206,1.612559126
-2.503751876,2.451000005,1.632653965
-2.498749375,2.078564947,1.655134374
-2.493746873,1.048388055,1.678935575
-2.488744372,0.050013675,1.703691065
-2.483741871,0.78296028,1.727145248
-2.47873937,1.196078154,1.750530426
-2.473736868,1.715931025,1.774150982
-2.468734367,1.884035454,1.797949988
-2.463731866,0.940965175,1.82312985
-2.458729365,0.689948746,1.848849781
-2.453726863,2.023728952,1.873404501
-2.448724362,2.13074605,1.897627966
-2.443721861,1.821559192,1.923343718
-2.43871936,1.74271945,1.948401949
-2.433716858,1.731673496,1.973732868
-2.428714357,2.219957166,1.997393208
-2.423711856,2.386328928,2.013264722
-2.418709355,1.399430346,2.025226036
-2.413706853,2.645322875,2.035440966
-2.408704352,2.108524121,2.043690942
-2.403701851,3.753706223,2.051264222
-2.39869935,2.143096763,2.05794186
-2.393696848,2.837796296,2.062938832
-2.388694347,2.83669308,2.067139314
-2.383691846,1.766375741,2.072445081
-2.378689345,1.13701691,2.077739807
-2.373686843,2.542650341,2.082600541
-2.368684342,1.842569237,2.087031494
-2.363681841,1.09335865,2.090373973
-2.35867934,1.805252391,2.093062338
-2.353676838,2.505497389,2.095351853
-2.348674337,2.646576931,2.097206018
-2.343671836,2.482135297,2.098819145
-2.338669335,1.967912942,2.100180395
-2.333666833,2.713156859,2.100907242
-2.328664332,1.652112768,2.101343195
-2.323661831,1.168203069,2.102279936
-2.31865933,1.804833965,2.103064749
-2.313656828,1.39745484,2.103877415
-2.308654327,2.452529939,2.104352019
-2.303651826,2.401603975,2.102850947
-2.298649325,1.890822584,2.10041535
-2.293646823,2.598329629,2.098397557
-2.288644322,2.921131186,2.096212769
-2.283641821,1.536098796,2.092843372
-2.27863932,2.266549086,2.089596255
-2.273636818,1.915351928,2.085798465
-2.268634317,2.518067754,2.082728439
-2.263631816,0.968000236,2.084430044
-2.258629315,2.563416521,2.088347709
-2.253626813,3.170765853,2.092850781
-2.248624312,2.230969546,2.098227886
-2.243621811,2.705092949,2.104008625
-2.23861931,3.037275094,2.10997421
-2.233616808,2.922043705,2.116728879
-2.228614307,2.367235067,2.123452946
-2.223611806,2.649047376,2.128004026
-2.218609305,2.520681897,2.131660243
-2.213606803,1.918812076,2.135251505
-2.208604302,2.771805233,2.138549586
-2.203601801,2.153501015,2.141733393
-2.1985993,1.996793412,2.144917435
-2.193596798,2.880898826,2.147532265
-2.188594297,3.254196763,2.150166626
-2.183591796,2.226456651,2.15427858
-2.178589295,2.989142505,2.158759262
-2.173586793,2.164590156,2.163671772
-2.168584292,1.543827297,2.168470855
-2.163581791,2.358940747,2.171373561
-2.15857929,2.559279876,2.173626891
-2.153576788,2.225304973,2.175105697
-2.148574287,0.963977707,2.176256974
-2.143571786,1.795381044,2.179534355
-2.138569285,2.378522286,2.183334546
-2.133566783,3.329544899,2.185496322
-2.128564282,2.278357385,2.186946258
-2.123561781,2.446633312,2.189325228
-2.11855928,2.373651626,2.190479784
-2.113556778,1.748832259,2.191596465
-2.108554277,2.232598029,2.190470945
-2.103551776,2.946502211,2.180368935
-2.098549275,1.226392767,2.16561704
-2.093546773,2.122693638,2.148383496
-2.088544272,1.227085475,2.12863697
-2.083541771,2.523184302,2.108312163
-2.07853927,2.812323273,2.086737587
-2.073536768,1.630745254,2.063175062
-2.068534267,2.940806344,2.03834054
-2.063531766,2.133298304,2.013258478
-2.058529265,2.246073573,1.987393544
-2.053526763,0.900646052,1.96102279
-2.048524262,2.300568942,1.933873939
-2.043521761,2.133210562,1.904860968
-2.03851926,1.54114814,1.87504991
-2.033516758,2.415282093,1.844253421
-2.028514257,1.65799777,1.813183607
-2.023511756,1.154191313,1.784178326
-2.018509255,1.780772849,1.755802177
-2.013506753,2.014599964,1.727278599
-2.008504252,1.598086299,1.698711481
-2.003501751,1.722376074,1.669619993
-1.99849925,1.775071668,1.640136394
-1.993496748,0.934653836,1.610592196
-1.988494247,0.455519724,1.58068587
-1.983491746,1.347844488,1.549763376
-1.978489245,1.652080445,1.518262681
-1.973486743,1.214684992,1.486306241
-1.968484242,1.503914195,1.45396882
-1.963481741,1.625061723,1.421644221
-1.95847924,1.397635459,1.389093532
-1.953476738,0.750055288,1.356261124
-1.948474237,1.562460167,1.323139024
-1.943471736,1.095625646,1.289442444
-1.938469235,0.83562302,1.255340147
-1.933466733,1.622779512,1.221246144
-1.928464232,0.996703921,1.186926223
-1.923461731,1.278872779,1.151845146
-1.91845923,1.200528375,1.116560403
-1.913456728,1.111156784,1.080909672
-1.908454227,0.878762616,1.045295446
-1.903451726,1.332931358,1.011178648
-1.898449225,1.167790438,0.977676263
-1.893446723,0.6290797,0.943888559
-1.888444222,0.520784953,0.910189648
-1.883441721,0.326189167,0.877013115
-1.87843922,1.007572343,0.843702347
-1.873436718,0.547455945,0.810888127
-1.868434217,0.6941043,0.777676644
-1.863431716,0.569541009,0.741508047
-1.858429215,1.060787955,0.704168927
-1.853426713,0.696152291,0.666081858
-1.848424212,1.132387427,0.627664295
-1.843421711,0.998972135,0.590710726
-1.83841921,0.446180187,0.554123748
-1.833416708,0.675642294,0.517831986
-1.828414207,0.265001802,0.48166459
-1.823411706,0.682437529,0.443980875
-1.818409205,0.406748123,0.405880011
-1.813406703,0.33039608,0.369136167
-1.808404202,0.23358138,0.332937474
-1.803401701,0.432713994,0.295657876
-1.7983992,0.439643572,0.259297056
-1.793396698,0.580008888,0.222922801
-1.788394197,0.092000609,0.1884139
-1.783391696,0.098110282,0.161658909
-1.778389195,0.470572444,0.138930833
-1.773386693,0.31960648,0.118091841
-1.768384192,0.068475854,0.099396098
-1.763381691,-0.116100788,0.081718308
-1.75837919,0.181362326,0.065165439
-1.753376688,0.363931524,0.050514478
-1.748374187,0.195614741,0.036853323
-1.743371686,0.446433958,0.022104096
-1.738369185,0.07147276,0.00749153
-1.733366683,0.404360987,-0.006398248
-1.728364182,0.123967138,-0.019649342
-1.723361681,0.060179089,-0.031749302
-1.71835918,0.226952073,-0.042957938
-1.713356678,-0.109081999,-0.053630062
-1.708354177,-0.049038612,-0.063554978
-1.703351676,0.065277389,-0.072383284
-1.698349175,-0.22496189,-0.080462076
-1.693346673,-0.133888049,-0.087586681
-1.688344172,0.047775364,-0.094106135
-1.683341671,-0.111429117,-0.100982394
-1.67833917,-0.287615326,-0.107505924
-1.673336668,-0.279043718,-0.113804126
-1.668334167,-0.298810255,-0.119569059
-1.663331666,-0.097769237,-0.123232828
-1.658329165,-0.31649082,-0.125810399
-1.653326663,-0.157934918,-0.128689914
-1.648324162,-0.368007665,-0.131267916
-1.643321661,-0.094259216,-0.132446753
-1.63831916,-0.385196845,-0.13362663
-1.633316658,-0.245993888,-0.134115582
-1.628314157,-0.405053058,-0.135264946
-1.623311656,-0.2348726,-0.141333442
-1.618309155,-0.287603294,-0.14963742
-1.613306653,-0.401963549,-0.158503374
-1.608304152,-0.326089131,-0.168214463
-1.603301651,-0.378540358,-0.178213817
-1.59829915,-0.3284899,-0.188341951
-1.593296648,-0.350609523,-0.199221738
-1.588294147,-0.368976159,-0.210041423
-1.583291646,-0.369486056,-0.218715886
-1.578289145,-0.368921225,-0.226493428
-1.573286643,-0.383269105,-0.234163095
-1.568284142,-0.38721974,-0.241521707
-1.563281641,-0.388551599,-0.248782252
-1.55827914,-0.395592425,-0.25602011
-1.553276638,-0.410980154,-0.262716546
-1.548274137,-0.384537839,-0.269400157
-1.543271636,-0.413507106,-0.277365435
-1.538269135,-0.402294746,-0.285632512
-1.533266633,-0.386408212,-0.294247035
-1.528264132,-0.339243479,-0.302737369
-1.523261631,-0.419876665,-0.309549058
-1.51825913,-0.390844845,-0.315766834
-1.513256628,-0.37373418,-0.321290861
-1.508254127,-0.412010038,-0.326501838
-1.503251626,-0.303668303,-0.333516458
-1.498249125,-0.450131137,-0.340955594
-1.493246623,-0.290591642,-0.346930211
-1.488244122,-0.379592411,-0.35226016
-1.483241621,-0.3872067,-0.358416647
-1.47823912,-0.344664622,-0.363494237
-1.473236618,-0.45247235,-0.368518414
-1.468234117,-0.356120959,-0.37156774
-1.463231616,-0.301892743,-0.366730429
-1.458229115,-0.287352986,-0.357795151
-1.453226613,-0.365074939,-0.346743389
-1.448224112,-0.348952222,-0.333484371
-1.443221611,-0.388858415,-0.319553155
-1.43821911,-0.333424558,-0.304507586
-1.433216608,-0.162436642,-0.287664314
-1.428214107,-0.279051275,-0.269742166
-1.423211606,-0.269785409,-0.251998437
-1.418209105,-0.23377479,-0.23374139
-1.413206603,-0.415362395,-0.214971695
-1.408204102,-0.399947807,-0.195550671
-1.403201601,0.001977233,-0.174658914
-1.3981991,-0.063761312,-0.15303691
-1.393196598,-0.213043101,-0.130679331
-1.388194097,0.060839033,-0.107967523
-1.383191596,-0.019850773,-0.086245698
-1.378189095,-0.290197467,-0.064735313
-1.373186593,-0.167075732,-0.042899636
-1.368184092,0.131018319,-0.020911787
-1.363181591,-0.253426662,0.001232847
-1.35817909,0.404492724,0.023660674
-1.353176588,0.172023089,0.046124209
-1.348174087,0.149100765,0.068897711
-1.343171586,0.074451724,0.092850668
-1.338169085,-0.091013187,0.11740391
-1.333166583,0.392173169,0.142061994
-1.328164082,0.19286287,0.166954723
-1.323161581,0.180584857,0.192162086
-1.31815908,0.62419579,0.217408793
-1.313156578,0.013654388,0.242932199
-1.308154077,0.421806672,0.268328304
-1.303151576,0.535266512,0.292494737
-1.298149075,0.327662086,0.316125863
-1.293146573,0.287914197,0.339460311
-1.288144072,0.174974025,0.362555349
-1.283141571,1.10561549,0.3859071
-1.27813907,0.359545582,0.409211153
-1.273136568,-0.127242649,0.432380915
-1.268134067,0.50998877,0.455401425
-1.263131566,0.860292313,0.477977166
-1.258129065,0.472028171,0.500285912
-1.253126563,0.54496058,0.522639352
-1.248124062,0.260647827,0.544869769
-1.243121561,0.379288302,0.566665421
-1.23811906,0.588376757,0.588387807
-1.233116558,1.077493833,0.609791471
-1.228114057,0.44007461,0.631266729
-1.223111556,0.45672365,0.653979415
-1.218109055,0.48924052,0.677122911
-1.213106553,0.004482391,0.700476435
-1.208104052,1.199692041,0.723876211
-1.203101551,0.416094027,0.746574864
-1.19809905,0.756381643,0.769015017
-1.193096548,1.00705256,0.791231911
-1.188094047,0.195637004,0.813281238
-1.183091546,1.064962173,0.835787673
-1.178089045,0.86854004,0.858319354
-1.173086543,0.215148392,0.88020767
-1.168084042,0.652588586,0.901743736
-1.163081541,1.749100309,0.923497511
-1.15807904,1.071965194,0.944733071
-1.153076538,0.638818052,0.965826112
-1.148074037,0.630409429,0.986042067
-1.143071536,0.876248613,1.003159605
-1.138069035,1.122420414,1.018600981
-1.133066533,0.516620369,1.033015315
-1.128064032,0.820589831,1.046431157
-1.123061531,1.618269505,1.059595362
-1.11805903,1.395284036,1.072173275
-1.113056528,0.846842504,1.083943309
-1.108054027,0.954685372,1.095065851
-1.103051526,0.475985822,1.105607503
-1.098049025,1.673513982,1.115550212
-1.093046523,0.987680334,1.125145334
-1.088044022,0.514005536,1.134231773
-1.083041521,0.489357846,1.142372555
-1.07803902,1.465248197,1.150033185
-1.073036518,0.874257869,1.157026987
-1.068034017,1.173040782,1.163753138
-1.063031516,1.464770036,1.171450294
-1.058029015,1.323902226,1.179307754
-1.053026513,1.386696668,1.187012976
-1.048024012,1.44012112,1.19449726
-1.043021511,1.703066492,1.201212681
-1.03801901,1.416281915,1.207449778
-1.033016508,1.988397889,1.213310381
-1.028014007,2.225225708,1.218755952
-1.023011506,1.521038701,1.223994136
-1.018009005,1.124291735,1.228880993
-1.013006503,0.841145156,1.23305753
-1.008004002,0.803109744,1.23671373
-1.003001501,1.063900608,1.240280446
-0.997998999,1.443759985,1.243271399
-0.992996498,0.765214019,1.245892864
-0.987993997,0.655592806,1.247716897
-0.982991496,1.378049264,1.247380308
-0.977988994,1.240689772,1.245754434
-0.972986493,0.213562391,1.243325667
-0.967983992,2.236150921,1.240050721
-0.962981491,1.862145723,1.236224611
-0.957978989,0.985575509,1.231799913
-0.952976488,1.819748547,1.226607691
-0.947973987,0.925919464,1.220846707
-0.942971486,1.660494267,1.214937356
-0.937968984,1.531836156,1.208641195
-0.932966483,1.260526644,1.201867628
-0.927963982,2.160447978,1.194624868
-0.922961481,0.974177658,1.186781798
-0.917958979,0.814018848,1.17843202
-0.912956478,2.062321709,1.169632314
-0.907953977,1.65353721,1.160380772
-0.902951476,0.554617151,1.150717249
-0.897948974,0.751545915,1.140644733
-0.892946473,1.339179223,1.130111714
-0.887943972,0.324128463,1.119176512
-0.882941471,0.746836608,1.107964286
-0.877938969,1.685975719,1.096384491
-0.872936468,2.305566535,1.084468366
-0.867933967,1.101852759,1.07217044
-0.862931466,0.195583316,1.059255881
-0.857928964,1.399294652,1.045882959
-0.852926463,0.785781514,1.032270969
-0.847923962,1.615321282,1.01832972
-0.842921461,0.118495221,1.003885901
-0.837918959,0.560004005,0.989164429
-0.832916458,1.075293452,0.974074529
-0.827913957,2.463610811,0.958819662
-0.822911456,1.187184314,0.944053697
-0.817908954,1.960770081,0.929381065
-0.812906453,1.190181913,0.914500698
-0.807903952,1.911649377,0.899504665
-0.802901451,-0.143522888,0.884424358
-0.797898949,1.879420393,0.869142291
-0.792896448,0.632284685,0.853785213
-0.787893947,0.513896074,0.83817309
-0.782891446,-0.902513861,0.821750624
-0.777888944,0.709163725,0.804866825
-0.772886443,0.149810249,0.787805368
-0.767883942,-0.479761907,0.770479989
-0.762881441,0.875992582,0.752856981
-0.757878939,0.097994358,0.735071376
-0.752876438,1.303804975,0.716941106
-0.747873937,-0.210439971,0.698713965
-0.742871436,0.348008271,0.681044137
-0.737868934,0.294181526,0.663476681
-0.732866433,1.141800029,0.645967873
-0.727863932,-0.293042839,0.628369771
-0.722861431,2.063552624,0.610110584
-0.717858929,0.208950806,0.591583672
-0.712856428,-0.404836805,0.572785882
-0.707853927,0.730327451,0.553833106
-0.702851426,0.481290011,0.53541373
-0.697848924,0.489242146,0.517088599
-0.692846423,0.047608954,0.49823199
-0.687843922,0.070292391,0.479129751
-0.682841421,1.424922746,0.460299187
-0.677838919,0.876399902,0.441092692
-0.672836418,-0.584953451,0.421870579
-0.667833917,0.286352961,0.40197965
-0.662831416,-0.676182248,0.379403576
-0.657828914,-0.218590706,0.355451863
-0.652826413,-0.196264636,0.330779624
-0.647823912,1.727648248,0.305389625
-0.642821411,1.01984429,0.279882005
-0.637818909,-0.57957151,0.254053805
-0.632816408,0.979251938,0.227693467
-0.627813907,0.938590986,0.20101879
-0.622811406,0.873083403,0.174323467
-0.617808904,2.079713804,0.147468644
-0.612806403,-1.103574714,0.120561303
-0.607803902,1.346267563,0.093521264
-0.602801401,-0.02665868,0.066021205
-0.597798899,0.764151502,0.038402589
-0.592796398,0.227495191,0.01060732
-0.587793897,0.568346443,-0.017126842
-0.582791396,0.668109821,-0.044043353
-0.577788894,-0.479977272,-0.070596321
-0.572786393,-0.584446897,-0.097021459
-0.567783892,1.19297968,-0.123283636
-0.562781391,-1.106829545,-0.149543621
-0.557778889,0.891799412,-0.175740031
-0.552776388,0.372790062,-0.201761507
-0.547773887,0.210141247,-0.22170515
-0.542771386,-0.676576664,-0.256045983
-0.537768884,-0.623139903,-0.321797993
-0.532766383,0.932417654,-0.24096225
-0.527763882,-0.693207445,-0.335170299
-0.522761381,-0.768997277,-0.395012023
-0.517758879,0.842055015,-0.372650892
-0.512756378,0.62072188,-0.390160913
-0.507753877,-1.139776259,-0.479379354
-0.502751376,0.405051,-0.3982771
-0.497748874,-0.811450542,-0.474792738
-0.492746373,-1.436719402,-0.560309879
-0.487743872,0.233589844,-0.528036279
-0.482741371,0.345429075,-0.533052373
-0.477738869,0.256526862,-0.535529443
-0.472736368,-2.238066968,-0.687119304
-0.467733867,-0.556100819,-0.61459957
-0.462731366,-0.751729001,-0.635914775
-0.457728864,0.166165179,-0.548170441
-0.452726363,-3.191681919,-0.901868782
-0.447723862,-1.282490476,-0.630162627
-0.442721361,-1.523667728,-0.745359733
-0.437718859,0.474616177,-0.635553468
-0.432716358,-1.600169172,-0.949577097
-0.427713857,0.097752481,-0.791501896
-0.422711356,1.179635574,-0.714318045
-0.417708854,0.313733274,-0.859360627
-0.412706353,-0.984190396,-0.902482132
-0.407703852,-1.592301173,-0.821764355
-0.402701351,-2.517114963,-0.94818334
-0.397698849,-2.153457467,-1.00836895
-0.392696348,-0.760029484,-0.782516463
-0.387693847,-0.404810832,-0.811387553
-0.382691346,-2.684357673,-1.281994183
-0.377688844,-1.36374496,-0.923042668
-0.372686343,-0.739289783,-0.850969454
-0.367683842,-2.19467778,-1.265907026
-0.362681341,0.582134652,-0.739227302
-0.357678839,-1.165998749,-1.213029217
-0.352676338,-0.679628024,-1.041079907
-0.347673837,-1.294093651,-1.068025441
-0.342671336,-1.550765184,-1.162348971
-0.337668834,0.076776728,-0.871332446
-0.332666333,-2.277532579,-1.397255305
-0.327663832,-0.535809204,-0.994056021
-0.322661331,-1.094534777,-1.077506079
-0.317658829,-0.616582471,-1.121908212
-0.312656328,-2.162361307,-1.124564897
-0.307653827,-1.539081649,-1.107444311
-0.302651326,-0.782167499,-1.111266297
-0.297648824,-1.444906114,-1.108735423
-0.292646323,-1.181596166,-1.154109014
-0.287643822,-2.419374941,-1.217240873
-0.282641321,-2.024358929,-1.106525022
-0.277638819,-1.216398106,-0.945922504
-0.272636318,-0.47717646,-1.042208013
-0.267633817,-2.335640508,-1.205277478
-0.262631316,-1.211640596,-1.133651178
-0.257628814,-1.542726177,-1.032422102
-0.252626313,-0.896321323,-0.995623846
-0.247623812,-3.563013794,-1.420714717
-0.242621311,-1.990232932,-1.124061698
-0.237618809,-0.120323756,-0.744908598
-0.232616308,-0.234683878,-0.852361601
-0.227613807,-1.746430983,-1.20265445
-0.222611306,-2.625740447,-1.283748128
-0.217608804,-1.80360109,-1.087769786
-0.212606303,1.099224471,-0.709106928
-0.207603802,-2.67060881,-1.237131974
-0.202601301,-1.318146626,-1.016660068
-0.197598799,-0.816557642,-0.887365096
-0.192596298,-1.467265214,-0.976973689
-0.187593797,-1.790432349,-1.031043213
-0.182591296,-1.154729396,-0.877362666
-0.177588794,-1.719492394,-1.257753688
-0.172586293,1.143327475,-0.228268188
-0.167583792,-1.356485487,-1.292039896
-0.162581291,0.128704918,-0.630038009
-0.157578789,-1.493749208,-1.140900909
-0.152576288,-0.941088903,-0.870837348
-0.147573787,-0.480802858,-0.666234902
-0.142571286,-2.065986631,-1.232503228
-0.137568784,1.216392054,0.131382208
-0.132566283,-2.471354278,-1.432815497
-0.127563782,-0.922429494,-0.975300045
-0.122561281,-0.936194786,-0.875002124
-0.117558779,1.990123293,0.31888921
-0.112556278,-0.236093302,-0.350173096
-0.107553777,-1.944889695,-1.35925321
-0.102551276,1.177362778,-0.837453173
-0.097548774,0.822876305,0.063229595
-0.092546273,-0.468438079,-0.020381777
-0.087543772,-0.784838812,-0.329544974
-0.082541271,3.29E-05,-0.523534522
-0.077538769,-1.159756017,-0.692199423
-0.072536268,-0.143446223,-0.47685237
-0.067533767,0.768672359,-0.135762093
-0.062531266,1.319905131,-0.01167907
-0.057528764,0.434480513,0.018428379
-0.052526263,0.883037164,0.199779103
-0.047523762,-0.355190151,0.312371626
-0.042521261,0.536305309,0.047055913
-0.037518759,-1.894387269,-1.034077383
-0.032516258,-2.717377506,-0.95320553
-0.027513757,1.583859994,0.369495108
-0.022511256,-0.106507382,0.263429428
-0.017508754,1.868606012,0.830548815
-0.012506253,1.086666571,0.526301424
-0.007503752,-1.069952664,-0.147237714
-0.002501251,1.233021673,0.250683448
0.002501251,0.215188936,0.028623585
0.007503752,-0.364466333,0.051616034
0.012506253,-0.817487735,0.158567567
0.017508754,-0.601854023,0.162751429
0.022511256,0.622253381,0.296892385
0.027513757,0.478223771,0.393180045
0.032516258,1.17319511,0.49577398
0.037518759,0.39201095,0.543315188
0.042521261,1.134343997,0.572366633
0.047523762,1.293531178,0.586471588
0.052526263,2.071174282,0.595072711
0.057528764,-0.238503909,0.631651857
0.062531266,-0.064243434,0.671602288
0.067533767,0.026734681,0.727538417
0.072536268,2.906139585,0.779781868
0.077538769,-0.232200842,0.771201525
0.082541271,1.912471342,0.749089167
0.087543772,0.141406155,0.695933015
0.092546273,0.168572951,0.646986884
0.097548774,0.483460285,0.710162054
0.102551276,0.621023561,0.806010544
0.107553777,0.173179682,0.937208547
0.112556278,1.237018499,1.06865982
0.117558779,2.364653858,1.074807471
0.122561281,2.060224814,1.042724012
0.127563782,0.252120968,0.982207601
0.132566283,0.197447405,0.919145479
0.137568784,-0.370375613,0.96453014
0.142571286,0.665525716,1.044678873
0.147573787,0.931904461,1.136859012
0.152576288,1.458685969,1.230770281
0.157578789,1.667288846,1.263410347
0.162581291,1.827018985,1.271525793
0.167583792,0.659933824,1.271819338
0.172586293,0.958475057,1.263136113
0.177588794,2.644394368,1.258279438
0.182591296,0.809913583,1.248601838
0.187593797,0.480972052,1.243196273
0.192596298,1.528023394,1.232901291
0.197598799,2.00969919,1.18861472
0.202601301,1.824762756,1.135593604
0.207603802,0.288028427,1.072522879
0.212606303,0.615598702,1.011987143
0.217608804,1.968595515,1.003197634
0.222611306,0.418071101,1.017055542
0.227613807,2.445369306,1.024857585
0.232616308,1.354784278,1.037826018
0.237618809,0.392058324,1.07263726
0.242621311,-0.275733873,1.108723565
0.247623812,2.153929714,1.148904452
0.252626313,1.15063685,1.182100401
0.257628814,0.961748825,1.147384948
0.262631316,2.316019867,1.073663686
0.267633817,1.923603841,1.051030537
0.272636318,1.801960148,1.035038373
0.277638819,0.038247447,0.841598603
0.282641321,0.75783098,0.609550946
0.287643822,0.1065605,0.560973801
0.292646323,-0.160007858,0.584948384
0.297648824,1.237647035,0.567181563
0.302651326,-0.499085668,0.56120177
0.307653827,0.700770153,0.695212628
0.312656328,0.626079254,0.886893066
0.317658829,1.043428916,0.950118236
0.322661331,1.239740373,0.967603745
0.327663832,0.830558169,1.217372135
0.332666333,2.106690313,1.505629737
0.337668834,2.447165556,1.421010341
0.342671336,1.885566511,1.218301656
0.347673837,0.490599996,1.182686054
0.352676338,1.752995881,1.152864702
0.357678839,1.922273389,1.103872953
0.362681341,0.08627515,1.053430318
0.367683842,0.956496155,0.724772597
0.372686343,-1.829797418,0.415899305
0.377688844,-1.80982905,0.29940057
0.382691346,2.157611512,1.463849695
0.387693847,-0.099004971,0.688323984
0.392696348,0.376241738,0.805085987
0.397698849,0.932294567,0.949145176
0.402701351,-1.728020319,0.082936361
0.407703852,-0.617295743,0.360254636
0.412706353,1.802566686,1.048295902
0.417708854,1.301749954,0.979049869
0.422711356,1.937256486,1.316103614
0.427713857,-1.487784017,0.245436017
0.432716358,1.396621707,1.127085554
0.437718859,0.331485387,0.774271664
0.442721361,0.259408101,0.852535875
0.447723862,1.729602098,0.81864908
0.452726363,1.319806529,0.839855054
0.457728864,0.592548663,0.830447309
0.462731366,1.904467817,0.82143821
0.467733867,0.353644194,0.807181204
0.472736368,1.598200353,0.790596263
0.477738869,1.446503621,0.773614329
0.482741371,1.334628534,0.755418098
0.487743872,1.290052355,0.735508234
0.492746373,0.639730593,0.714313797
0.497748874,0.819719609,0.691950932
0.502751376,0.833911346,0.668467715
0.507753877,0.492202104,0.644683428
0.512756378,0.429980385,0.620150165
0.517758879,0.876499753,0.593600449
0.522761381,-0.758928258,0.566451828
0.527763882,0.546604342,0.538265447
0.532766383,0.577330798,0.510188117
0.537768884,0.745261428,0.485842887
0.542771386,1.805004187,0.462987735
0.547773887,1.306304015,0.440394699
0.552776388,0.261432098,0.418220334
0.557778889,1.550746022,0.395727299
0.562781391,-0.474265146,0.373091912
0.567783892,0.793467146,0.350808191
0.572786393,1.231215721,0.328397543
0.577788894,-0.308859209,0.304808158
0.582791396,-0.321953491,0.280712733
0.587793897,1.001133644,0.256362281
0.592796398,0.428693692,0.231806267
0.597798899,-0.689485656,0.207502556
0.602801401,-0.675382399,0.183192369
0.607803902,0.700387607,0.15877226
0.612806403,1.152835636,0.134270397
0.617808904,1.557982698,0.109503968
0.622811406,0.593108234,0.084576131
0.627813907,-0.007842739,0.059815106
0.632816408,0.294459049,0.035022636
0.637818909,0.337756491,0.009730158
0.642821411,-0.912419639,-0.015588796
0.647823912,0.601012784,-0.041066011
0.652826413,-0.691867771,-0.066370263
0.657828914,-0.527419742,-0.090282221
0.662831416,-1.146273483,-0.11354201
0.667833917,0.702250291,-0.13691014
0.672836418,-0.722136658,-0.160071314
0.677838919,-0.017103665,-0.182654033
0.682841421,-1.16234992,-0.205220431
0.687843922,0.213107655,-0.227239343
0.692846423,-1.091659159,-0.249470278
0.697848924,-0.607939271,-0.274087093
0.702851426,-0.882171404,-0.299576279
0.707853927,-0.647668072,-0.325579983
0.712856428,-0.418714022,-0.35174721
0.717858929,-0.277333735,-0.376560659
0.722861431,0.00165787,-0.400950752
0.727863932,-0.312603711,-0.424980096
0.732866433,-0.274398033,-0.448794657
0.737868934,-0.144767751,-0.47378286
0.742871436,-1.46424825,-0.499017185
0.747873937,0.40006495,-0.523000939
0.752876438,-0.689580259,-0.546421124
0.757878939,-0.008174126,-0.570650952
0.762881441,-0.592610179,-0.594004261
0.767883942,-0.00940756,-0.617271755
0.772886443,-0.030508872,-0.638867055
0.777888944,-1.241504702,-0.653818044
0.782891446,-0.607159578,-0.667313733
0.787893947,0.004236776,-0.674242811
0.792896448,0.224828864,-0.672543788
0.797898949,-1.046465895,-0.710274064
0.802901451,0.817999421,-0.66562198
0.807903952,-1.921947534,-0.730243797
0.812906453,-1.194766917,-0.70720449
0.817908954,-0.198985009,-0.680171985
0.822911456,-1.629979376,-0.715248262
0.827913957,-1.381599233,-0.727159852
0.832916458,0.194708001,-0.71015815
0.837918959,0.031493799,-0.717849873
0.842921461,-0.989743671,-0.740395227
0.847923962,1.060629166,-0.685127902
0.852926463,-1.188537997,-0.734739857
0.857928964,-0.718103028,-0.716870388
0.862931466,-0.732100562,-0.716598535
0.867933967,-1.509332762,-0.711616334
0.872936468,0.854849054,-0.708842182
0.877938969,-1.413642243,-0.705457534
0.882941471,-1.013104536,-0.702026864
0.887943972,-1.62033385,-0.69816208
0.892946473,-0.452504401,-0.693790239
0.897948974,-0.373627403,-0.687583052
0.902951476,-0.673399854,-0.680403157
0.907953977,0.026384412,-0.673403682
0.912956478,-1.396451869,-0.66609174
0.917958979,-0.24872874,-0.657585901
0.922961481,-0.866259246,-0.649029097
0.927963982,-1.494044182,-0.639842193
0.932966483,-1.445381185,-0.631146425
0.937968984,-1.708259262,-0.626449105
0.942971486,-0.939587368,-0.623536404
0.947973987,-0.349069709,-0.621071892
0.952976488,-1.190781639,-0.619256541
0.957978989,-0.647316713,-0.617547281
0.962981491,-0.721179389,-0.615890435
0.967983992,-1.088372484,-0.614782005
0.972986493,-0.965059659,-0.613600802
0.977988994,-0.176895023,-0.610816423
0.982991496,-1.268422238,-0.607343068
0.987993997,0.188010164,-0.603702238
0.992996498,-0.822295019,-0.599782197
0.997998999,-1.566257738,-0.595836121
1.003001501,-0.034307296,-0.591819274
1.008004002,-1.006354731,-0.587387575
1.013006503,-1.158558692,-0.582848564
1.018009005,-1.7622589,-0.578888955
1.023011506,-0.381757282,-0.574959009
1.028014007,-0.726622605,-0.571188849
1.033016508,-0.590574623,-0.567223005
1.03801901,0.369012386,-0.561976653
1.043021511,-0.530422209,-0.556240212
1.048024012,-0.773132463,-0.549900304
1.053026513,-0.750692558,-0.543284017
1.058029015,-1.408065089,-0.53804417
1.063031516,-0.796096185,-0.533106626
1.068034017,-0.240722523,-0.527086623
1.073036518,-0.833919793,-0.520567109
1.07803902,-0.428318835,-0.514538182
1.083041521,-0.161468833,-0.507670352
1.088044022,-0.32448989,-0.5007383
1.093046523,-0.435409616,-0.492339867
1.098049025,0.178064444,-0.478230901
1.103051526,-0.25385524,-0.461154473
1.108054027,-0.482057178,-0.442405688
1.113056528,-0.522253059,-0.422031398
1.11805903,-0.843293848,-0.401417387
1.123061531,-0.375301196,-0.379999023
1.128064032,-0.246980678,-0.357349805
1.133066533,-0.3021138,-0.333836467
1.138069035,-0.62694855,-0.309756412
1.143071536,-0.637935839,-0.284995035
1.148074037,-0.286305382,-0.259970101
1.153076538,-0.366492408,-0.234415525
1.15807904,0.482261102,-0.207519457
1.163081541,0.186336245,-0.18015034
1.168084042,0.530925959,-0.152037192
1.173086543,0.292460409,-0.12387364
1.178089045,-0.496296928,-0.097835262
1.183091546,-0.222267401,-0.072546779
1.188094047,-0.493196261,-0.047382148
1.193096548,0.426330175,-0.022328669
1.19809905,0.074684069,0.00332816
1.203101551,0.481642765,0.029257876
1.208104052,-0.510345767,0.055205664
1.213106553,0.647700844,0.081345244
1.218109055,0.171039194,0.107783677
1.223111556,-0.311554089,0.134438957
1.228114057,0.238001865,0.161617302
1.233116558,-0.618212446,0.189073175
1.23811906,0.677228159,0.216134182
1.243121561,0.456508569,0.243427336
1.248124062,0.264535146,0.270793164
1.253126563,0.369283455,0.298643341
1.258129065,0.054452295,0.328499948
1.263131566,1.234145573,0.359411628
1.268134067,0.919856179,0.390523036
1.273136568,0.629551165,0.422117174
1.27813907,0.498111485,0.454479439
1.283141571,0.426509742,0.487088403
1.288144072,0.460435828,0.520268629
1.293146573,0.315301184,0.553433561
1.298149075,0.147915062,0.584715984
1.303151576,0.671038594,0.615239866
1.308154077,0.48574563,0.646003697
1.313156578,0.997222595,0.676629329
1.31815908,1.152627041,0.706815262
1.323161581,0.779880106,0.737137851
1.328164082,0.587506958,0.766905135
1.333166583,0.778818741,0.797032661
1.338169085,0.503131584,0.830075315
1.343171586,0.775514905,0.864224755
1.348174087,0.887177815,0.899141993
1.353176588,1.110590204,0.93432622
1.35817909,1.324965429,0.967778286
1.363181591,0.868850786,1.000763234
1.368184092,0.781618951,1.033307121
1.373186593,1.002863268,1.065675565
1.378189095,0.821660519,1.099920543
1.383191596,1.102374946,1.134678312
1.388194097,1.136412972,1.167862727
1.393196598,1.021625416,1.200411575
1.3981991,1.105282059,1.234145364
1.403201601,1.017290292,1.266788942
1.408204102,0.989494319,1.299451389
1.413206603,1.327314334,1.329947033
1.418209105,1.131783475,1.351471289
1.423211606,1.44353863,1.368347663
1.428214107,1.155298142,1.382975013
1.433216608,1.291359791,1.395126795
1.43821911,1.111796064,1.406271162
1.443221611,1.470341747,1.416142396
1.448224112,1.17430416,1.423881275
1.453226613,1.389315143,1.43045747
1.458229115,1.30799502,1.437922689
1.463231616,1.279727473,1.445085149
1.468234117,1.436478695,1.451513894
1.473236618,1.369682445,1.457209717
1.47823912,1.393585835,1.461447958
1.483241621,1.343660463,1.464730422
1.488244122,1.446958559,1.467313965
1.493246623,1.439877732,1.469202448
1.498249125,1.450453575,1.470705385
1.503251626,1.477491715,1.471747376
1.508254127,1.481388868,1.471944484
1.513256628,1.517335687,1.471628313
1.51825913,1.531470273,1.471511533
1.523261631,1.551583598,1.47100852
1.528264132,1.625999586,1.470318684
1.533266633,1.562448142,1.469091551
1.538269135,1.552156728,1.465782578
1.543271636,1.577869462,1.461395468
1.548274137,1.620375242,1.457169328
1.553276638,1.586305975,1.45260091
1.55827914,1.613073047,1.446848735
1.563281641,1.611699874,1.441060812
1.568284142,1.611842023,1.434615848
1.573286643,1.622593876,1.428688752
1.578289145,1.629170439,1.426902503
1.583291646,1.612600749,1.426966957
1.588294147,1.641487402,1.427561006
1.593296648,1.604837801,1.42884853
1.59829915,1.654590614,1.430153363
1.603301651,1.63415401,1.431528619
1.608304152,1.599554617,1.433461563
1.613306653,1.611423631,1.435379596
1.618309155,1.544992991,1.435965433
1.623311656,1.616994182,1.436002499
1.628314157,1.580510429,1.435860728
1.633316658,1.381479633,1.435494898
1.63831916,1.608636127,1.435252092
1.643321661,1.522813858,1.434957761
1.648324162,1.765786432,1.43437518
1.653326663,1.656993352,1.433650406
1.658329165,1.538153925,1.433002749
1.663331666,1.560152991,1.432205156
1.668334167,1.501405798,1.431468996
1.673336668,1.47067033,1.430508323
1.67833917,1.543699213,1.428550293
1.683341671,1.573740488,1.426195412
1.688344172,1.46959199,1.423314484
1.693346673,1.438776438,1.420207465
1.698349175,1.62295911,1.418252558
1.703351676,1.635078689,1.416559367
1.708354177,1.64370637,1.414040786
1.713356678,1.350099258,1.411142909
1.71835918,1.521457307,1.408582635
1.723361681,1.436071783,1.405366467
1.728364182,1.407952518,1.402108632
1.733366683,1.239891786,1.397725789
1.738369185,1.470841163,1.388968245
1.743371686,1.262757868,1.377946448
1.748374187,1.48817556,1.365607608
1.753376688,1.260686371,1.35202901
1.75837919,1.407647247,1.338375269
1.763381691,1.423012336,1.324126042
1.768384192,1.341331579,1.308978854
1.773386693,1.095700815,1.29316191
1.778389195,1.546968286,1.276686231
1.783391696,1.590408353,1.259602671
1.788394197,1.377989096,1.242382296
1.793396698,1.143100292,1.224762629
1.7983992,1.303513839,1.206042949
1.803401701,1.183365948,1.18701035
1.808404202,0.914274239,1.167362176
1.813406703,1.008641776,1.147781784
1.818409205,0.703134393,1.130371531
1.823411706,1.392171991,1.1137857
1.828414207,1.004711368,1.097460338
1.833416708,0.910480837,1.081336789
1.83841921,0.984387074,1.064611365
1.843421711,1.117237972,1.047691398
1.848424212,1.023049848,1.03080028
1.853426713,0.534866323,1.013815589
1.858429215,0.518774489,0.996846782
1.863431716,0.635134196,0.979834876
1.868434217,0.284880832,0.962306031
1.873436718,0.799414676,0.944571904
1.87843922,0.722951521,0.927411221
1.883441721,1.076023484,0.910047094
1.888444222,0.870498908,0.892723347
1.893446723,0.791879113,0.874870854
1.898449225,0.853580289,0.854486775
1.903451726,0.460286281,0.832826821
1.908454227,0.554279714,0.810915099
1.913456728,0.136765734,0.788451775
1.91845923,0.640419389,0.765254107
1.923461731,0.778321493,0.741824425
1.928464232,0.802157006,0.717776192
1.933466733,1.00872928,0.693764454
1.938469235,0.410591016,0.671802147
1.943471736,0.753434015,0.650679054
1.948474237,0.718252644,0.629366953
1.953476738,0.825316512,0.608241727
1.95847924,0.682889988,0.587547875
1.963481741,1.062461164,0.566747723
1.968484242,0.783283571,0.546551631
1.973486743,0.428725142,0.526044116
1.978489245,0.124161815,0.502698007
1.983491746,0.707335083,0.478312813
1.988494247,0.760138892,0.453187651
1.993496748,0.8665421,0.427854458
1.99849925,-0.158231833,0.404381053
2.003501751,-0.030721557,0.381442116
2.008504252,-0.027409264,0.359032029
2.013506753,1.186057746,0.336845999
2.018509255,0.460399298,0.312672943
2.023511756,0.559196385,0.28797877
2.028514257,0.502472867,0.264962344
2.033516758,0.928200614,0.242642269
2.03851926,0.504560158,0.219137028
2.043521761,0.995375254,0.196814292
2.048524262,0.898005222,0.174498547
2.053526763,0.563733696,0.154485821
2.058529265,0.949163979,0.143902529
2.063531766,0.57043027,0.138212984
2.068534267,-0.103111566,0.134940934
2.073536768,0.347476601,0.134290612
2.07853927,-0.412401272,0.134641565
2.083541771,-0.084783888,0.136343046
2.088544272,-0.700794539,0.14027574
2.093546773,0.612857854,0.14546672
2.098549275,0.22049179,0.149941762
2.103551776,-0.173813391,0.154837783
2.108554277,0.515511761,0.160485047
2.113556778,0.428691601,0.166930027
2.11855928,-0.075742588,0.174995
2.123561781,-0.838474073,0.184056933
2.128564282,0.457574269,0.193923605
2.133566783,-0.234741692,0.204468984
2.138569285,0.795756472,0.215019092
2.143571786,0.54857768,0.225888004
2.148574287,-0.311914057,0.237545036
2.153576788,0.351871396,0.249683153
2.15857929,0.419512228,0.261763912
2.163581791,0.754808676,0.274275461
2.168584292,-0.117053323,0.286987081
2.173586793,-0.033092705,0.300256452
2.178589295,-0.404595643,0.315543612
2.183591796,0.215487102,0.331898085
2.188594297,0.957908208,0.348216831
2.193596798,0.232916999,0.364927221
2.1985993,-0.38817694,0.382698743
2.203601801,-1.003435609,0.40056876
2.208604302,0.080736199,0.419088653
2.213606803,1.165454906,0.437234466
2.218609305,1.305676198,0.451890265
2.223611806,0.559418053,0.465027152
2.228614307,-0.668978318,0.47773374
2.233616808,-0.083034972,0.48990277
2.23861931,0.060222899,0.502205458
2.243621811,0.955607593,0.514510156
2.248624312,1.373798257,0.526416852
2.253626813,-0.018427196,0.538362995
2.258629315,-0.349481302,0.55127358
2.263631816,1.133169102,0.564600607
2.268634317,0.51215712,0.578158059
2.273636818,1.575499143,0.591928802
2.27863932,-0.225524057,0.605545956
2.283641821,0.524270481,0.619260164
2.288644322,1.436371933,0.633181088
2.293646823,0.055266255,0.647317381
2.298649325,0.49209,0.661865543
2.303651826,1.014182655,0.676751997
2.308654327,0.93365438,0.691732642
2.313656828,-0.011366357,0.70698963
2.31865933,0.172842281,0.722915372
2.323661831,0.591127372,0.739160775
2.328664332,0.90924004,0.755846425
2.333666833,1.744033876,0.772742163
2.338669335,1.200553448,0.788916067
2.343671836,0.859045746,0.804963947
2.348674337,1.126190084,0.821552594
2.353676838,1.686026095,0.838419674
2.35867934,0.757862947,0.855188342
2.363681841,1.217878458,0.872414849
2.368684342,1.611542639,0.889714396
2.373686843,1.855716015,0.907733662
2.378689345,2.194808829,0.928381223
2.383691846,1.212190117,0.950405098
2.388694347,1.207300714,0.97329872
2.393696848,-0.527483886,0.996969006
2.39869935,1.776588215,1.020613405
2.403701851,0.605985338,1.04463708
2.408704352,-0.277266786,1.069189863
2.413706853,0.718974283,1.09419677
2.418709355,0.495646998,1.119896932
2.423711856,0.160216896,1.14610248
2.428714357,-0.267382434,1.172363787
2.433716858,1.135858675,1.198901616
2.43871936,0.226980943,1.226218069
2.443721861,2.23725969,1.253710385
2.448724362,0.301131073,1.281663851
2.453726863,1.156399031,1.30950308
2.458729365,0.850483844,1.335494376
2.463731866,1.290493198,1.360761292
2.468734367,3.446652818,1.385733241
2.473736868,0.263745008,1.410498056
2.47873937,0.411590679,1.43581539
2.483741871,1.045691336,1.461273478
2.488744372,1.300280537,1.486706877
2.493746873,4.116448656,1.512177637
2.498749375,0.82510517,1.537413027
2.503751876,2.65611711,1.562579183
2.508754377,0.680224024,1.588220983
2.513756878,1.830484158,1.614015548
2.51875938,1.098112996,1.639204758
2.523761881,1.614818533,1.664579627
2.528764382,0.938376431,1.689862254
2.533766883,1.734942908,1.715669598
2.538769385,2.730031523,1.744116937
2.543771886,1.119622482,1.773876145
2.548774387,2.04347168,1.803921623
2.553776888,1.793904938,1.834530183
2.55877939,0.914901805,1.865788894
2.563781891,1.38063522,1.89726853
2.568784392,2.258256455,1.929354712
2.573786893,1.083343077,1.961420417
2.578789395,2.410136838,1.99158491
2.583791896,2.283138337,2.020977804
2.588794397,2.199808621,2.050529148
2.593796898,2.227967858,2.079907836
2.5987994,2.093755677,2.108935892
2.603801901,2.882994647,2.138062705
2.608804402,1.265341237,2.166648763
2.613806903,2.352477245,2.194915079
2.618809405,1.43248846,2.227068677
2.623811906,2.641215255,2.261112837
2.628814407,3.184742488,2.286445958
2.633816908,2.998791915,2.313302351
2.63881941,1.875022464,2.348025776
2.643821911,2.077473357,2.376206811
2.648824412,1.771090643,2.45858818
2.653826913,3.359085829,2.562893513
2.658829415,3.022798074,2.476404227
2.663831916,2.043113166,2.335849525
2.668834417,1.849902254,2.493328886
2.673836918,2.246768208,2.71645466
2.67883942,2.588427621,2.69024398
2.683841921,2.053123688,2.628563595
2.688844422,2.132436038,2.498177224
2.693846923,0.957304618,2.330736144
2.698849425,3.854363321,2.726263345
2.703851926,4.652390907,3.26274627
2.708854427,2.592690023,3.030624827
2.713856928,2.824896614,2.589765301
2.71885943,2.624753833,2.587721934
2.723861931,2.182904046,2.709320514
2.728864432,2.691858619,2.667756456
2.733866933,1.065148875,2.589800824
2.738869435,3.152420012,2.809073966
2.743871936,3.51520142,3.094558028
2.748874437,2.48004012,2.967001842
2.753876938,2.243998861,2.746390367
2.75887944,3.605959462,2.677141013
2.763881941,2.308537442,2.614700851
2.768884442,2.458410267,2.884534649
2.773886943,4.928558759,3.263082231
2.778889445,2.686412949,2.863903924
2.783891946,0.692258128,2.264057686
2.788894447,3.604362778,2.529910003
2.793896948,2.975701554,3.016154237
2.79889945,2.963048143,3.000590587
2.803901951,3.660045661,2.861077581
2.808904452,3.540305365,2.822061143
2.813906953,2.499817483,2.82202136
2.818909455,2.614237761,2.770379088
2.823911956,2.490019766,2.578675034
2.828914457,4.152123563,3.068109209
2.833916958,3.71044486,2.77803186
2.83891946,2.362445216,2.543882957
2.843921961,2.773224482,3.061021524
2.848924462,1.090664801,2.415804765
2.853926963,3.55111367,3.21639951
2.858929465,1.393787311,2.267812063
2.863931966,4.310508595,3.173371874
2.868934467,2.14478692,2.486263114
2.873936968,2.145829008,2.703427853
2.87893947,3.979829565,3.091222188
2.883941971,2.925535702,2.249483324
2.888944472,5.210197772,3.297712396
2.893946973,1.839103172,2.535388511
2.898949475,3.616123139,2.690801947
2.903951976,1.96899297,2.758912025
2.908954477,3.253460563,2.771798174
2.913956978,1.788679526,2.74582475
2.91895948,3.612754133,2.744065796
2.923961981,2.729617175,2.742241687
2.928964482,2.54031458,2.740253759
2.933966983,3.826801185,2.738091371
2.938969485,4.540234844,2.735564568
2.943971986,3.856784312,2.732747579
2.948974487,2.350026699,2.729869165
2.953976988,2.37645797,2.702811008
2.95897949,2.052504859,2.732433942
2.963981991,3.327295451,2.892132252
2.968984492,1.35603641,2.454539103
2.973986993,2.831501692,2.69921995
2.978989495,4.0647118,2.905375689
2.983991996,2.822336525,2.611928764
2.988994497,2.184908186,2.662283809
2.993996998,2.400840909,2.945331465
2.9989995,-0.01686841,2.302422873
3.004002001,4.217780851,2.875259428
3.009004502,2.716985531,2.661446337
3.014007004,1.969736236,2.689138849
3.019009505,2.025383069,2.663510748
3.024012006,2.647656572,2.684841394
3.029014507,1.972100707,2.60182297
3.034017009,1.712269698,2.655458947
3.03901951,2.680699267,2.634223029
3.044022011,2.801463417,2.61737822
3.049024512,3.280748872,2.605265489
3.054027014,2.569461991,2.59563866
3.059029515,2.936484978,2.58357191
3.064032016,2.973152211,2.57105412
3.069034517,3.450474336,2.558531786
3.074037019,0.712957191,2.545789199
3.07903952,0.488560161,2.532347878
3.084042021,3.410633125,2.518788346
3.089044522,2.698882495,2.504827657
3.094047024,3.650975317,2.491027825
3.099049525,1.985760809,2.479077416
3.104052026,3.005819811,2.467880087
3.109054527,3.058833258,2.457022403
3.114057029,2.545761722,2.446413307
3.11905953,2.189334023,2.435299477
3.124062031,2.339692135,2.424092325
3.129064532,1.693547126,2.412950371
3.134067034,3.749514474,2.401818407
3.139069535,3.134538407,2.390987018
3.144072036,2.317061449,2.38027822
3.149074537,1.451873152,2.369139899
3.154077039,2.42308924,2.35789564
3.15907954,3.233155534,2.347300093
3.164082041,3.360960021,2.336561749
3.169084542,1.570289745,2.32596173
3.174087044,2.76666796,2.314878664
3.179089545,4.942200813,2.301187875
3.184092046,3.299414193,2.286223384
3.189094547,2.014682286,2.271009783
3.194097049,1.642047962,2.255234037
3.19909955,2.704900799,2.238950075
3.204102051,3.610329613,2.222551918
3.209104552,1.910052703,2.204971491
3.214107054,1.352254639,2.187433663
3.219109555,2.077662785,2.172701538
3.224112056,1.832416932,2.158551664
3.229114557,1.161737415,2.146213314
3.234117059,2.463268218,2.133338796
3.23911956,0.403531382,2.115714313
3.244122061,1.453720693,2.100333091
3.249124562,0.506613581,2.069221874
3.254127064,2.38387347,2.055631475
3.259129565,3.659754822,2.053381073
3.264132066,0.945145134,2.027838917
3.269134567,2.195669345,2.015061755
3.274137069,1.627782728,1.990093283
3.27913957,1.401166551,1.998838432
3.284142071,3.640534488,2.028033421
3.289144572,2.473692012,2.072267773
3.294147074,3.734576274,2.130186109
3.299149575,1.330057259,2.037658926
3.304152076,1.718823607,1.940681898
3.309154577,2.47819254,1.785438017
3.314157079,1.198126247,1.581898307
3.31915958,1.598130968,1.723212761
3.324162081,0.876639129,1.718662687
3.329164582,1.508030469,1.776425886
3.334167084,3.375412011,2.030132443
3.339169585,2.331611554,1.884402809
3.344172086,2.058307524,1.93829228
3.349174587,1.672333511,1.818535803
3.354177089,1.910462291,1.788054183
3.35917959,1.206797414,1.665598604
3.364182091,1.737277056,1.81374658
3.369184592,5.104551604,2.505574914
3.374187094,1.802672849,1.863534404
3.379189595,1.060182477,1.729983484
3.384192096,2.964432104,2.104925306
3.389194597,1.295118339,1.792030198
3.394197099,-1.473298647,1.381465633
3.3991996,1.754352051,1.680595352
3.404202101,2.59334528,2.171759783
3.409204602,1.184009924,2.11209941
3.414207104,1.563985695,1.916788055
3.419209605,0.287702417,1.942334937
3.424212106,1.463947787,2.011372763
3.429214607,1.771879674,2.065792478
3.434217109,1.132736853,2.115858779
3.43921961,2.872035438,2.114934204
3.444222111,2.272591933,2.1007237
3.449224612,1.145053021,2.062646189
3.454227114,2.200009729,2.007804347
3.459229615,2.649412415,2.077064171
3.464232116,0.985253179,1.882317176
3.469234617,2.513925024,2.181638762
3.474237119,2.798098671,2.342332471
3.47923962,3.553639923,2.462917953
3.484242121,3.254183103,2.413800374
3.489244622,1.339232892,2.190176356
3.494247124,3.311991397,2.465729598
3.499249625,1.386166875,2.197641287
3.504252126,3.472551492,2.434627952
3.509254627,0.606673652,2.048081822
3.514257129,1.316339561,2.137331394
3.51925963,3.004827515,2.365096509
3.524262131,2.317815787,2.260988717
3.529264632,2.086517705,2.420598313
3.534267134,2.875602699,2.577429413
3.539269635,3.949038338,2.582173384
3.544272136,3.793917509,2.536790393
3.549274637,1.720169669,2.472507345
3.554277139,2.435758865,2.404199395
3.55927964,1.752785941,2.427943076
3.564282141,2.637755373,2.482108181
3.569284642,2.210893917,2.546995815
3.574287144,1.292906302,2.61597538
3.579289645,1.586816078,2.64003926
3.584292146,2.862065831,2.648920745
3.589294647,3.633248611,2.655450793
3.594297149,4.381206068,2.659447329
3.59929965,1.815974777,2.676151841
3.604302151,3.052911318,2.697035411
3.609304652,2.703580774,2.717670041
3.614307154,2.524991639,2.739444507
3.619309655,1.159267504,2.759298164
3.624312156,4.026779726,2.778621435
3.629314657,3.758723034,2.803337885
3.634317159,3.229033335,2.826790794
3.63931966,2.176040323,2.848633869
3.644322161,3.081738249,2.875981872
3.649324662,3.570504147,2.859220032
3.654327164,2.424183658,2.836445475
3.659329665,3.23456437,2.924431734
3.664332166,3.145209552,3.024901839
3.669334667,3.832425782,3.110057165
3.674337169,3.897983483,3.208547161
3.67933967,2.89271869,3.008754561
3.684342171,1.378907473,2.715920832
3.689344672,3.201678957,3.020273581
3.694347174,3.841376435,3.488733098
3.699349675,4.514757742,3.290221673
3.704352176,2.168755211,2.926595398
3.709354677,2.004416006,3.065008508
3.714357179,3.613041865,3.321744894
3.71935968,4.5227805,3.390878173
3.724362181,3.404769991,3.420109139
3.729364682,4.315038796,3.376010977
3.734367184,2.964531943,3.310755004
3.739369685,3.778784269,3.370979742
3.744372186,3.261773002,3.452818721
3.749374687,3.753656654,3.549547822
3.754377189,4.098452385,3.658934287
3.75937969,2.353010604,3.523735901
3.764382191,2.097342862,3.325090255
3.769384692,2.513828119,3.472452917
3.774387194,3.384814936,3.710105496
3.779389695,2.886761837,3.735070508
3.784392196,3.30408813,3.706733922
3.789394697,2.134466761,3.719204256
3.794397199,2.990719351,3.736410507
3.7993997,3.20344612,3.760678711
3.804402201,2.897667685,3.789283888
3.809404702,3.401533635,3.821954109
3.814407204,4.620707806,3.857086199
3.819409705,4.093576033,3.889983834
3.824412206,3.941697193,3.922897527
3.829414707,4.848467383,3.956950084
3.834417209,4.815999861,3.991582238
3.83941971,4.499036728,4.026856045
3.844422211,4.226567347,4.062344783
3.849424712,5.009957792,4.098450846
3.854427214,2.985069081,4.134527251
3.859429715,3.502341861,4.168648836
3.864432216,4.53089648,4.229024289
3.869434717,3.907659179,4.224853436
3.874437219,4.51082365,4.131181906
3.87943972,5.862646077,4.572906536
3.884442221,2.41112535,3.969614504
3.889444722,5.736378368,4.755633115
3.894447224,3.463017322,4.225693959
3.899449725,3.896669821,4.442603057
3.904452226,2.949079134,4.364480809
3.909454727,4.420581683,4.654835638
3.914457229,4.294256727,4.552283887
3.91945973,4.224869806,4.4515668
3.924462231,6.114400744,4.779916252
3.929464732,3.579241704,4.467727965
3.934467234,3.511482338,4.804193656
3.939469735,3.540219773,4.659510296
3.944472236,5.137577958,4.779781135
3.949474737,5.560943089,4.79001746
3.954477239,4.830145913,4.821210149
3.95947974,4.180902524,4.854310124
3.964482241,5.540570624,4.891356574
3.969484742,4.000180163,4.925240149
3.974487244,5.215435212,4.956973743
3.979489745,5.45809364,4.979949153
3.984492246,3.824557793,4.998376877
3.989494747,5.278325708,5.014531595
3.994497249,4.796827494,5.028243663
3.99949975,5.749392395,5.041065252
4.004502251,5.830236139,5.05263013
4.009504752,5.109484599,5.062132985
4.014507254,5.385952786,5.070450696
4.019509755,4.708838189,5.079309898
4.024512256,5.217280628,5.087722575
4.029514757,6.195157972,5.095455276
4.034517259,4.994376718,5.102436225
4.03951976,4.69532527,5.107863822
4.044522261,5.579359858,5.112375095
4.049524762,4.933507401,5.116102578
4.054527264,5.4724046,5.119236273
4.059529765,5.059915734,5.122612067
4.064532266,5.925664454,5.12579737
4.069534767,4.709819727,5.12831393
4.074537269,4.689267558,5.130424364
4.07953977,5.772521698,5.132508044
4.084542271,5.882559786,5.134182931
4.089544772,5.113097506,5.135677742
4.094547274,5.87201156,5.136663183
4.099549775,5.44476217,5.13586802
4.104552276,5.634105609,5.134120929
4.109554777,5.58549672,5.132334389
4.114557279,5.208564665,5.130170017
4.11955978,4.277096195,5.127133551
4.124562281,5.997046953,5.123977093
4.129564782,6.217143765,5.120243627
4.134567284,5.827782598,5.116765715
4.139569785,5.654103483,5.116042531
4.144572286,5.027489961,5.116490293
4.149574787,5.25113555,5.117279982
4.154577289,4.755149389,5.118464747
4.15957979,5.20259228,5.119419703
4.164582291,4.569620138,5.120331436
4.169584792,5.53655169,5.121502422
4.174587294,5.62953077,5.122632672
4.179589795,5.011622493,5.123176321
4.184592296,5.605750119,5.123453343
4.189594797,5.541412568,5.123484615
4.194597299,5.08379033,5.12333804
4.1995998,5.463876372,5.123377171
4.204602301,5.070559335,5.12330037
4.209604802,4.733042791,5.123107649
4.214607304,5.421107216,5.122662468
4.219609805,4.930250691,5.12143232
4.224612306,4.878798452,5.11973484
4.229614807,5.179080844,5.117835589
4.234617309,5.352719818,5.115640798
4.23961981,4.649118197,5.113077498
4.244622311,5.977686235,5.110281657
4.249624812,5.184063154,5.107140169
4.254627314,4.991172486,5.103822805
4.259629815,5.412355867,5.10087943
4.264632316,4.80556268,5.097964289
4.269634817,4.753777547,5.094774042
4.274637319,5.234731185,5.091409138
4.27963982,4.696376537,5.087942883
4.284642321,5.154050361,5.084201887
4.289644822,5.385159309,5.080376942
4.294647324,5.299720754,5.076194983
4.299649825,4.484081872,5.070909608
4.304652326,5.05297726,5.065031983
4.309654827,5.260410958,5.058658251
4.314657329,4.905155264,5.051917951
4.31965983,5.220494816,5.045358731
4.324662331,5.151186338,5.038621669
4.329664832,4.267155298,5.031702351
4.334667334,4.617618172,5.024509555
4.339669835,4.381527803,5.016456688
4.344672336,5.028513226,5.007931405
4.349674837,5.301221677,4.999450853
4.354677339,5.278692606,4.990795448
4.35967984,5.148237556,4.981591153
4.364682341,5.018826918,4.972347839
4.369684842,5.248091871,4.962736887
4.374687344,4.852811878,4.953327403
4.379689845,5.266404153,4.945783089
4.384692346,4.794001386,4.939001542
4.389694847,5.071756613,4.93262779
4.394697349,5.03827665,4.926511829
4.39969985,4.812725797,4.919765232
4.404702351,4.844027192,4.912906401
4.409704852,4.769004727,4.906060058
4.414707354,4.666584089,4.899231441
4.419709855,4.77240507,4.892983146
4.424712356,4.997153945,4.886958526
4.429714857,4.874700837,4.880388978
4.434717359,5.100917117,4.873683688
4.43971986,4.959893453,4.867737021
4.444722361,4.931756473,4.861560272
4.449724862,4.591798479,4.855547302
4.454727364,5.012695313,4.848867378
4.459729865,4.300280118,4.838763086
4.464732366,4.499639872,4.82697135
4.469734867,4.366663448,4.81472191
4.474737369,4.734742648,4.801732316
4.47973987,4.650595014,4.788096589
4.484742371,4.558617093,4.774178543
4.489744872,4.62899211,4.759518354
4.494747374,4.696292885,4.74481069
4.499749875,4.686732114,4.732035257
4.504752376,4.726271539,4.720005598
4.509754877,4.828825774,4.707819685
4.514757379,4.407737435,4.69577589
4.51975988,4.589997928,4.683932502
4.524762381,4.467680781,4.671950081
4.529764882,4.236888405,4.660450396
4.534767384,4.513027538,4.648692012
4.539769885,4.611922209,4.634698431
4.544772386,4.541439857,4.619906327
4.549774887,4.678914859,4.604449969
4.554777389,4.16910417,4.588845726
4.55977989,4.344559999,4.574958262
4.564782391,4.467626842,4.561547726
4.569784892,4.600254329,4.548667351
4.574787394,4.448157861,4.535960863
4.579789895,4.532616147,4.521197388
4.584792396,4.337477483,4.505848425
4.589794897,4.42375179,4.491997491
4.594797399,4.386235888,4.478736793
4.5997999,4.344535978,4.464395245
4.604802401,4.361147162,4.451128373
4.609804902,4.481200804,4.437798789
4.614807404,4.370272509,4.426566028
4.619809905,4.419935976,4.424056739
4.624812406,4.401808085,4.426027955
4.629814907,4.273924603,4.430309343
4.634817409,4.434493887,4.436972965
4.63981991,4.473476483,4.444214536
4.644822411,4.505897394,4.452616584
4.649824912,4.466723106,4.462929928
4.654827414,4.435588598,4.474405593
4.659829915,4.490274137,4.485840316
4.664832416,4.45828769,4.49789051
4.669834917,4.506208191,4.510427754
4.674837419,4.489763227,4.523667204
4.67983992,4.486042556,4.538602345
4.684842421,4.428758144,4.554304266
4.689844922,4.514337722,4.570873263
4.694847424,4.508808239,4.587753214
4.699849925,4.524207967,4.603057227
4.704852426,4.541974297,4.617927159
4.709854927,4.546616566,4.63304079
4.714857429,4.55371044,4.648261449
4.71985993,4.575794559,4.663845281
4.724862431,4.566607057,4.679791398
4.729864932,4.59422657,4.695809385
4.734867434,4.616644609,4.712196273
4.739869935,4.641308995,4.729730659
4.744872436,4.675326589,4.747901342
4.749874937,4.674192741,4.766393267
4.754877439,4.662251056,4.785243595
4.75987994,4.670280459,4.804311137
4.764882441,4.725764917,4.823570745
4.769884942,4.694546055,4.843172924
4.774887444,4.794600534,4.86291943
4.779889945,4.719323714,4.882380081
4.784892446,4.869706105,4.901834157
4.789894947,4.810952221,4.9212337
4.794897449,4.897665702,4.940705409
4.79989995,4.839364722,4.960717658
4.804902451,4.776429842,4.980893358
4.809904952,5.06677887,5.001258052
4.814907454,4.924455079,5.021642297
4.819909955,4.745439084,5.041304272
4.824912456,4.978687573,5.060695741
4.829914957,5.091201851,5.080342592
4.834917459,4.924275989,5.100010402
4.83991996,5.30760833,5.119367948
4.844922461,5.294143989,5.138867055
4.849924962,5.069647962,5.15813016
4.854927464,4.994266426,5.177719712
4.859929965,5.07863107,5.199266989
4.864932466,5.42333805,5.221641493
4.869934967,5.274160969,5.244560368
4.874937469,5.040656538,5.267775524
4.87993997,5.29972305,5.290187302
4.884942471,5.440185756,5.312463553
4.889944972,5.357715918,5.334654922
4.894947474,5.29690773,5.356858585
4.899949975,5.228335167,5.380048734
4.904952476,5.421707647,5.403569899
4.909954977,5.45647741,5.426371401
4.914957479,5.640172729,5.448931126
4.91995998,5.26818605,5.472200136
4.924962481,5.416915261,5.494999138
4.929964982,5.505341557,5.517894336
4.934967484,5.692728534,5.53975987
4.939969985,5.837580239,5.557097724
4.944972486,5.914342538,5.572132402
4.949974987,5.677151187,5.586067307
4.954977489,5.492846245,5.598808186
4.95997999,6.172383218,5.611168202
4.964982491,6.20109309,5.622956086
4.969984992,5.895365974,5.633742497
4.974987494,6.120638507,5.643991617
4.979989995,5.848127744,5.654625885
4.984992496,5.594345698,5.665113295
4.989994997,6.116609287,5.675319079
4.994997499,6.203145737,5.685206958
5,5.991496236,5.694357242