x,y_origin,y_initial,y_clean
-5,6.38235175,6.704775927,5.969517796
-4.994997499,6.394600235,6.324751445,5.993242505
-4.989994997,6.406762954,6.496602631,6.016738648
-4.984992496,6.418824481,6.479424189,6.039990875
-4.979989995,6.430769469,5.751703591,6.062983919
-4.974987494,6.442582649,6.4255823,6.085702602
-4.969984992,6.454248845,6.331464847,6.108131845
-4.964982491,6.465752971,6.511664202,6.130256679
-4.95997999,6.477080062,6.385353529,6.152062253
-4.954977489,6.488215266,6.673494161,6.173533846
-4.949974987,6.499143861,6.204650733,6.194656874
-4.944972486,6.509851257,6.563684696,6.215416901
-4.939969985,6.520323016,6.52876893,6.235799646
-4.934967484,6.530544853,6.588123952,6.255790997
-4.929964982,6.540502649,6.019786733,6.275377014
-4.924962481,6.550182453,6.464334747,6.294543943
-4.91995998,6.559570501,6.319970585,6.313278221
-4.914957479,6.568653217,6.839094996,6.331566489
-4.909954977,6.577417227,6.643509305,6.349395596
-4.904952476,6.585849356,6.558020475,6.366752612
-4.899949975,6.593936654,6.650118605,6.383624835
-4.894947474,6.601666389,6.475880615,6.399999795
-4.889944972,6.609026063,6.556855876,6.41586527
-4.884942471,6.616003415,6.537027389,6.431209288
-4.87993997,6.622586433,6.911681035,6.446020137
-4.874937469,6.628763358,6.385718686,6.460286372
-4.869934967,6.634522696,6.403353978,6.473996824
-4.864932466,6.639853217,6.519508778,6.487140606
-4.859929965,6.644743971,6.840463913,6.49970712
-4.854927464,6.649184291,6.620168895,6.511686065
-4.849924962,6.653163797,6.908153906,6.523067445
-4.844922461,6.656672407,6.593634941,6.533841572
-4.83991996,6.65970034,6.713353139,6.543999075
-4.834917459,6.662238126,6.533813603,6.553530908
-4.829914957,6.664276608,6.666752212,6.562428351
-4.824912456,6.665806947,6.915276777,6.570683022
-4.819909955,6.666820635,6.563017439,6.578286878
-4.814907454,6.667309489,6.349046406,6.585232222
-4.809904952,6.667265667,6.698658454,6.591511709
-4.804902451,6.666681665,6.656125359,6.59711835
-4.79989995,6.665550327,6.696072544,6.60204552
-4.794897449,6.663864845,6.568094617,6.606286955
-4.789894947,6.661618767,6.594273434,6.609836766
-4.784892446,6.658805999,6.788667708,6.612689437
-4.779889945,6.655420811,6.673389302,6.614839829
-4.774887444,6.651457835,6.73608165,6.616283187
-4.769884942,6.646912076,6.644553694,6.617015142
-4.764882441,6.641778911,6.534168441,6.617031712
-4.75987994,6.63605409,6.622575749,6.616329309
-4.754877439,6.629733743,6.667855962,6.614904739
-4.749874937,6.622814379,6.667060858,6.612755204
-4.744872436,6.615292892,6.610242583,6.609878308
-4.739869935,6.607166557,6.606694285,6.606272055
-4.734867434,6.598433039,6.583959646,6.601934852
-4.729864932,6.589090386,6.597368077,6.596865511
-4.724862431,6.579137041,6.581769304,6.591063251
-4.71985993,6.568571832,6.553633089,6.584527697
-4.714857429,6.557393979,6.557821169,6.577258883
-4.709854927,6.545603092,6.544413538,6.569257252
-4.704852426,6.533199176,6.536854968,6.560523653
-4.699849925,6.520182624,6.530642669,6.551059346
-4.694847424,6.506554221,6.503603477,6.540865999
-4.689844922,6.49231514,6.471008282,6.529945689
-4.684842421,6.477466951,6.473222182,6.518300898
-4.67983992,6.462011606,6.438751309,6.505934517
-4.674837419,6.445951448,6.461781449,6.492849839
-4.669834917,6.4292892,6.45203597,6.479050563
-4.664832416,6.412027983,6.391812986,6.464540789
-4.659829915,6.394171288,6.348460545,6.449325016
-4.654827414,6.375722991,6.294029098,6.433408142
-4.649824912,6.356687342,6.390207325,6.41679546
-4.644822411,6.337068976,6.307363751,6.399492653
-4.63981991,6.316872892,6.23996658,6.381505796
-4.634817409,6.296104459,6.31165073,6.362841349
-4.629814907,6.27476941,6.25806294,6.343506155
-4.624812406,6.252873851,6.310869056,6.323507434
-4.619809905,6.230424236,6.273933273,6.302852784
-4.614807404,6.207427376,6.202518011,6.281550171
-4.609804902,6.183890428,6.168173687,6.25960793
-4.604802401,6.159820908,6.187298357,6.237034756
-4.5997999,6.135226661,6.054923478,6.2138397
-4.594797399,6.110115871,6.089571712,6.190032167
-4.589794897,6.084497048,6.194886761,6.165621907
-4.584792396,6.058379044,6.123990782,6.140619012
-4.579789895,6.031771014,6.250071944,6.115033907
-4.574787394,6.004682434,6.118981025,6.088877348
-4.569784892,5.977123083,6.126853062,6.062160415
-4.564782391,5.949103059,5.853771234,6.034894502
-4.55977989,5.920632737,6.088569004,6.007091314
-4.554777389,5.89172279,6.13867443,5.978762861
-4.549774887,5.862384167,5.557768775,5.949921447
-4.544772386,5.83262811,5.804559942,5.920579667
-4.539769885,5.802466114,5.991554565,5.890750398
-4.534767384,5.77190994,5.908166885,5.86044679
-4.529764882,5.740971597,5.821116507,5.829682261
-4.524762381,5.709663361,5.695052389,5.798470486
-4.51975988,5.677997728,5.673563719,5.766825395
-4.514757379,5.645987431,5.326386445,5.734761156
-4.509754877,5.613645421,5.591269679,5.702292174
-4.504752376,5.580984883,5.651050535,5.66943308
-4.499749875,5.54801919,5.542245587,5.636198722
-4.494747374,5.51476192,5.526058984,5.602604156
-4.489744872,5.481226834,5.55489627,5.568664639
-4.484742371,5.447427898,5.666593916,5.534395617
-4.47973987,5.413379225,5.388553923,5.499812719
-4.474737369,5.379095104,5.895118155,5.464931745
-4.469734867,5.344589969,5.006149411,5.429768661
-4.464732366,5.309878423,5.212682613,5.394339582
-4.459729865,5.274975184,5.36148845,5.358660771
-4.454727364,5.239895104,5.183475294,5.322748623
-4.449724862,5.204653148,4.760222223,5.286619658
-4.444722361,5.16926441,4.948006904,5.250290512
-4.43971986,5.133744064,5.093090032,5.213777923
-4.434717359,5.09810738,5.191005407,5.177098726
-4.429714857,5.062369701,4.92728478,5.140269841
-4.424712356,5.026546463,4.760426398,5.103308263
-4.419709855,4.990653143,4.95648566,5.066231049
-4.414707354,4.954705276,4.814899845,5.029055313
-4.409704852,4.918718431,4.948494751,4.991798213
-4.404702351,4.882708231,5.134627767,4.954476939
-4.39969985,4.846690301,5.151394579,4.917108708
-4.394697349,4.810680285,5.172933044,4.879710748
-4.389694847,4.774693824,5.222960803,4.842300289
-4.384692346,4.73874657,4.638226993,4.804894557
-4.379689845,4.702854141,4.276421759,4.767510759
-4.374687344,4.667032134,4.538649016,4.730166073
-4.369684842,4.631296101,4.895621838,4.69287764
-4.364682341,4.595661573,4.790626625,4.655662554
-4.35967984,4.560144001,5.019030142,4.618537847
-4.354677339,4.524758779,4.388866182,4.581520485
-4.349674837,4.489521218,4.450902281,4.544627354
-4.344672336,4.454446568,4.537261068,4.50787525
-4.339669835,4.41954996,4.39551077,4.471280872
-4.334667334,4.384846432,4.475259293,4.434860809
-4.329664832,4.3503509,4.090887368,4.398631528
-4.324662331,4.31607818,4.372078204,4.362609371
-4.31965983,4.282042934,4.07621806,4.326810538
-4.314657329,4.248259692,4.346480985,4.291251083
-4.309654827,4.214742826,4.281026611,4.2559469
-4.304652326,4.181506569,4.379084707,4.220913717
-4.299649825,4.148564968,3.257361048,4.186167081
-4.294647324,4.115931899,4.136634571,4.151722357
-4.289644822,4.083621046,3.686139944,4.117594712
-4.284642321,4.05164592,4.100550738,4.083799108
-4.27963982,4.020019809,3.649738826,4.050350294
-4.274637319,3.988755798,4.22353526,4.017262795
-4.269634817,3.957866746,3.952638691,3.984550907
-4.264632316,3.927365305,3.886599641,3.952228684
-4.259629815,3.897263872,4.107213184,3.920309932
-4.254627314,3.867574611,3.503673712,3.8888082
-4.249624812,3.838309427,3.927273645,3.857736773
-4.244622311,3.809479987,3.382759813,3.827108664
-4.23961981,3.781097673,4.129165991,3.796936603
-4.234617309,3.753173605,3.821930642,3.767233035
-4.229614807,3.725718615,3.470230555,3.738010106
-4.224612306,3.698743269,3.940367218,3.709279661
-4.219609805,3.672257821,3.780126294,3.681053236
-4.214607304,3.646272234,4.665117107,3.653342048
-4.209604802,3.620796161,2.572507675,3.626156992
-4.204602301,3.595838958,3.160103011,3.599508632
-4.1995998,3.571409651,2.585148332,3.573407197
-4.194597299,3.547516947,3.664834525,3.547862572
-4.189594797,3.52416922,3.719189178,3.522884295
-4.184592296,3.501374527,2.59640856,3.498481549
-4.179589795,3.479140572,3.568961791,3.474663158
-4.174587294,3.457474719,3.751436109,3.451437582
-4.169584792,3.436383983,3.173461674,3.42881291
-4.164582291,3.415875038,2.819405251,3.406796859
-4.15957979,3.395954189,3.806870373,3.385396763
-4.154577289,3.376627386,3.024220522,3.364619577
-4.149574787,3.357900211,3.342591438,3.344471867
-4.144572286,3.33977789,3.505543385,3.324959806
-4.139569785,3.322265267,3.387267867,3.306089175
-4.134567284,3.305366818,4.030361506,3.287865355
-4.129564782,3.289086636,2.601969957,3.270293327
-4.124562281,3.273428447,2.358408115,3.253377666
-4.11955978,3.258395585,2.724490795,3.237122544
-4.114557279,3.243991006,2.992306521,3.221531719
-4.109554777,3.230217275,3.493199882,3.206608541
-4.104552276,3.21707658,2.811247409,3.192355946
-4.099549775,3.204570714,3.422957295,3.178776455
-4.094547274,3.192701079,4.101491516,3.165872174
-4.089544772,3.18146869,4.288722257,3.153644791
-4.084542271,3.170874174,2.850488465,3.142095576
-4.07953977,3.160917761,3.734285736,3.131225381
-4.074537269,3.151599293,4.072225305,3.121034639
-4.069534767,3.142918218,2.175846655,3.111523362
-4.064532266,3.134873599,3.146798695,3.102691147
-4.059529765,3.127464103,3.944816531,3.09453717
-4.054527264,3.120688008,2.343901245,3.087060191
-4.049524762,3.114543204,3.724416833,3.080258551
-4.044522261,3.109027198,2.675216083,3.074130178
-4.03951976,3.104137106,3.414639965,3.068672585
-4.034517259,3.099869663,3.769361945,3.063882874
-4.029514757,3.096221221,3.078868723,3.059757735
-4.024512256,3.093187754,3.299833623,3.056293451
-4.019509755,3.090764858,2.742231974,3.053485899
-4.014507254,3.088947755,2.348417133,3.051330555
-4.009504752,3.087731297,3.450931922,3.049822493
-4.004502251,3.087109966,3.475368523,3.048956393
-3.99949975,3.087077882,2.619829714,3.048726538
-3.994497249,3.087628802,3.942830557,3.049126827
-3.989494747,3.088756127,3.410525306,3.050150769
-3.984492246,3.090452905,2.528281416,3.051791495
-3.979489745,3.092711837,2.578786257,3.054041759
-3.974487244,3.095525278,4.385790754,3.056893941
-3.969484742,3.098885245,2.702708118,3.060340055
-3.964482241,3.102783421,3.105950245,3.064371754
-3.95947974,3.107211159,3.325792815,3.068980334
-3.954477239,3.112159491,3.893743884,3.07415674
-3.949474737,3.117619129,2.616673337,3.07989157
-3.944472236,3.123580473,2.623883923,3.086175084
-3.939469735,3.130033618,3.682684615,3.092997211
-3.934467234,3.136968358,3.270792093,3.10034755
-3.929464732,3.144374197,3.805043584,3.108215381
-3.924462231,3.152240345,3.100591142,3.116589673
-3.91945973,3.160555739,3.664862367,3.125459086
-3.914457229,3.16930904,3.772663666,3.134811983
-3.909454727,3.178488644,1.918744199,3.144636433
-3.904452226,3.188082683,3.848516242,3.154920223
-3.899449725,3.198079044,3.152865891,3.165650863
-3.894447224,3.208465368,2.80319526,3.176815595
-3.889444722,3.219229062,2.671877406,3.1884014
-3.884442221,3.230357297,2.281873803,3.200395007
-3.87943972,3.241837031,3.05712065,3.212782901
-3.874437219,3.253655009,3.253944248,3.225551333
-3.869434717,3.265797774,2.668689361,3.238686325
-3.864432216,3.278251665,3.988575361,3.252173684
-3.859429715,3.291002844,4.064536262,3.265999007
-3.854427214,3.304037289,3.176082121,3.280147691
-3.849424712,3.317340814,2.880229067,3.294604942
-3.844422211,3.330899064,2.928918292,3.309355786
-3.83941971,3.344697541,3.748221695,3.324385076
-3.834417209,3.358721599,2.766788871,3.339677505
-3.829414707,3.372956465,3.553254884,3.35521761
-3.824412206,3.387387233,4.219818393,3.370989788
-3.819409705,3.401998887,3.139426136,3.386978302
-3.814407204,3.416776308,2.887202737,3.40316729
-3.809404702,3.431704281,5.070952083,3.419540779
-3.804402201,3.446767497,3.582856311,3.436082691
-3.7993997,3.461950578,3.476689116,3.452776858
-3.794397199,3.477238077,3.808184243,3.469607025
-3.789394697,3.492614491,4.290401726,3.486556867
-3.784392196,3.508064262,1.703230097,3.503609994
-3.779389695,3.523571802,2.54164377,3.520749967
-3.774387194,3.539121492,3.800193661,3.537960301
-3.769384692,3.554697698,4.040182346,3.555224484
-3.764382191,3.570284765,3.466583229,3.572525978
-3.75937969,3.585867053,4.15427668,3.589848237
-3.754377189,3.601428927,4.889130931,3.607174714
-3.749374687,3.616954775,4.479456588,3.624488871
-3.744372186,3.632429009,5.572351258,3.641774191
-3.739369685,3.647836086,3.0254317,3.659014186
-3.734367184,3.663160514,3.730652146,3.67619241
-3.729364682,3.678386862,5.953372263,3.693292469
-3.724362181,3.693499758,3.489354876,3.710298028
-3.71935968,3.708483919,3.927336017,3.727192825
-3.714357179,3.723324148,3.921591216,3.74396068
-3.709354677,3.738005348,4.492135332,3.760585502
-3.704352176,3.752512519,3.550244957,3.777051306
-3.699349675,3.76683079,3.487265406,3.793342217
-3.694347174,3.780945409,3.170883839,3.80944248
-3.689344672,3.794841766,4.235768636,3.825336475
-3.684342171,3.808505384,2.701215872,3.84100872
-3.67933967,3.821921949,4.487075801,3.856443886
-3.674337169,3.835077306,4.374446006,3.871626804
-3.669334667,3.847957476,3.378874349,3.886542475
-3.664332166,3.860548648,4.486247423,3.901176081
-3.659329665,3.872837213,3.182451886,3.915512989
-3.654327164,3.884809751,3.328043712,3.929538767
-3.649324662,3.896453053,3.853709915,3.943239188
-3.644322161,3.907754116,3.830621896,3.956600242
-3.63931966,3.918700167,3.559973761,3.969608141
-3.634317159,3.929278658,4.037612766,3.982249333
-3.629314657,3.939477284,4.053829619,3.994510505
-3.624312156,3.949283978,3.147881444,4.006378594
-3.619309655,3.95868693,3.759333407,4.017840795
-3.614307154,3.967674592,4.776565674,4.028884569
-3.609304652,3.976235682,4.721352551,4.039497651
-3.604302151,3.984359191,4.350487595,4.049668054
-3.59929965,3.992034394,4.009388941,4.059384084
-3.594297149,3.999250854,4.408256935,4.068634339
-3.589294647,4.005998429,4.381111176,4.077407723
-3.584292146,4.012267275,3.378928458,4.085693447
-3.579289645,4.018047859,2.918287446,4.09348104
-3.574287144,4.023330961,3.854337759,4.100760353
-3.569284642,4.028107678,4.307070008,4.107521568
-3.564282141,4.032369433,3.955376539,4.1137552
-3.55927964,4.036107978,5.25144331,4.119452107
-3.554277139,4.039315402,3.675231902,4.124603492
-3.549274637,4.041984133,3.801813872,4.129200911
-3.544272136,4.044106943,3.552027768,4.133236279
-3.539269635,4.045676953,3.428967984,4.13670187
-3.534267134,4.046687642,4.836379155,4.139590328
-3.529264632,4.047132841,4.560986758,4.141894668
-3.524262131,4.047006745,2.869366797,4.14360828
-3.51925963,4.046303916,4.652465446,4.144724935
-3.514257129,4.045019282,3.969406835,4.145238787
-3.509254627,4.043148143,3.490648148,4.145144378
-3.504252126,4.040686176,4.317644736,4.144436641
-3.499249625,4.037629433,3.693516226,4.143110902
-3.494247124,4.033974347,4.010327679,4.141162884
-3.489244622,4.029717732,2.357796715,4.138588708
-3.484242121,4.02485679,5.110419382,4.1353849
-3.47923962,4.019389104,3.659904147,4.131548385
-3.474237119,4.013312647,2.957337721,4.127076496
-3.469234617,4.006625778,3.621587233,4.121966974
-3.464232116,3.999327251,4.117317897,4.116217966
-3.459229615,3.991416207,3.584326026,4.109828029
-3.454227114,3.982892176,3.751761323,4.102796131
-3.449224612,3.973755082,2.519795651,4.095121651
-3.444222111,3.964005242,5.616921457,4.086804376
-3.43921961,3.953643361,5.973425624,4.077844509
-3.434217109,3.942670536,5.036375794,4.068242658
-3.429214607,3.931088251,3.409666483,4.057999847
-3.424212106,3.918898387,4.758938084,4.047117506
-3.419209605,3.906103206,2.565448475,4.035597473
-3.414207104,3.892705358,2.10959832,4.023441997
-3.409204602,3.878707875,3.71056233,4.010653729
-3.404202101,3.864114181,5.094679311,3.997235725
-3.3991996,3.848928072,3.130542704,3.983191445
-3.394197099,3.833153727,3.809183364,3.968524746
-3.389194597,3.816795694,4.352847609,3.953239884
-3.384192096,3.799858907,4.548563685,3.937341508
-3.379189595,3.782348659,4.453791624,3.920834659
-3.374187094,3.764270612,3.819169202,3.903724767
-3.369184592,3.745630788,4.547750063,3.886017645
-3.364182091,3.72643558,4.678195351,3.867719487
-3.35917959,3.706691724,2.611634796,3.848836865
-3.354177089,3.686406313,3.308184229,3.829376723
-3.349174587,3.665586779,3.394588712,3.809346374
-3.344172086,3.64424091,3.131617716,3.788753491
-3.339169585,3.622376821,2.020091023,3.76760611
-3.334167084,3.60000296,4.211452981,3.745912618
-3.329164582,3.577128098,2.989201535,3.723681751
-3.324162081,3.553761341,4.122431327,3.700922585
-3.31915958,3.529912098,3.8735833,3.677644537
-3.314157079,3.50559009,3.613958714,3.65385735
-3.309154577,3.480805339,3.583222564,3.629571094
-3.304152076,3.455568178,5.14702716,3.604796157
-3.299149575,3.429889216,3.14239612,3.579543237
-3.294147074,3.403779351,3.963502329,3.553823339
-3.289144572,3.377249754,3.021574561,3.527647762
-3.284142071,3.350311881,4.432942446,3.501028097
-3.27913957,3.322977436,2.40248695,3.47397622
-3.274137069,3.295258384,3.267796625,3.44650428
-3.269134567,3.267166934,4.183769923,3.418624694
-3.264132066,3.238715551,3.466888938,3.390350139
-3.259129565,3.209916918,2.523975354,3.361693544
-3.254127064,3.180783946,2.864889633,3.332668082
-3.249124562,3.151329759,4.477901859,3.30328716
-3.244122061,3.121567708,3.098564914,3.273564413
-3.23911956,3.091511324,3.822553688,3.243513693
-3.234117059,3.06117434,1.298509887,3.213149062
-3.229114557,3.030570662,2.739791054,3.182484782
-3.224112056,2.999714392,3.115333259,3.151535307
-3.219109555,2.968619779,2.544610841,3.120315271
-3.214107054,2.937301233,3.056681365,3.088839483
-3.209104552,2.905773307,3.036120842,3.057122916
-3.204102051,2.874050714,2.515438117,3.025180695
-3.19909955,2.842148274,3.819959277,2.99302809
-3.194097049,2.810080935,2.795892047,2.960680508
-3.189094547,2.77786375,2.749275446,2.928153478
-3.184092046,2.745511893,3.681466369,2.895462646
-3.179089545,2.71304061,2.00281486,2.862623763
-3.174087044,2.680465237,3.200760197,2.829652674
-3.169084542,2.647801174,3.26446085,2.796565313
-3.164082041,2.615063908,1.666346835,2.763377685
-3.15907954,2.582268957,2.873467632,2.730105863
-3.154077039,2.549431889,2.140131537,2.696765974
-3.149074537,2.516568302,2.608800719,2.66337419
-3.144072036,2.483693836,2.516719285,2.629946717
-3.139069535,2.450824128,2.672719286,2.596499787
-3.134067034,2.417974824,3.283654562,2.563049644
-3.129064532,2.385161561,3.584842044,2.529612538
-3.124062031,2.352399978,1.720144645,2.496204712
-3.11905953,2.319705673,3.899584773,2.46284239
-3.114057029,2.287094214,1.014557541,2.429541774
-3.109054527,2.25458112,2.51002338,2.396319023
-3.104052026,2.222181875,3.473487543,2.363190255
-3.099049525,2.189911879,2.951109268,2.330171524
-3.094047024,2.157786468,2.74938849,2.297278823
-3.089044522,2.125820887,1.418936219,2.264528062
-3.084042021,2.09403031,2.802709953,2.231935067
-3.07903952,2.062429787,3.04189588,2.199515563
-3.074037019,2.031034266,2.608021834,2.167285171
-3.069034517,1.999858567,0.55850867,2.135259391
-3.064032016,1.968917401,1.165131263,2.1034536
-3.059029515,1.938225318,3.682977058,2.071883035
-3.054027014,1.90779673,1.565750506,2.040562786
-3.049024512,1.877645883,0.876257232,2.00950779
-3.044022011,1.847786876,2.513858153,1.978732817
-3.03901951,1.818233617,1.533806784,1.948252461
-3.034017009,1.788999834,1.858205059,1.918081135
-3.029014507,1.760099058,0.932391141,1.888233058
-3.024012006,1.731544637,1.567565113,1.858722245
-3.019009505,1.703349693,0.069889714,1.829562504
-3.014007004,1.675527138,2.941155597,1.800767421
-3.009004502,1.64808965,2.400096754,1.772350354
-3.004002001,1.621049693,1.866498192,1.744324428
-2.9989995,1.594419474,1.005987876,1.716702518
-2.993996998,1.56821095,2.767654351,1.689497252
-2.988994497,1.542435838,2.564969588,1.662720994
-2.983991996,1.517105577,2.496000713,1.63638584
-2.978989495,1.492231341,2.14191895,1.610503611
-2.973986993,1.46782402,2.942257326,1.585085845
-2.968984492,1.443894235,1.904918439,1.560143787
-2.963981991,1.420452303,3.058680487,1.535688388
-2.95897949,1.397508246,1.879056801,1.511730291
-2.953976988,1.375071781,1.606642884,1.48827983
-2.948974487,1.353152324,2.60873215,1.465347021
-2.943971986,1.331758967,1.75953765,1.442941554
-2.938969485,1.310900483,-0.875363586,1.421072793
-2.933966983,1.290585313,1.019580388,1.399749763
-2.928964482,1.27082158,0.99550156,1.378981149
-2.923961981,1.251617056,2.54873951,1.358775287
-2.91895948,1.232979177,2.229402488,1.339140163
-2.913956978,1.214915028,2.460493599,1.320083405
-2.908954477,1.197431352,0.902099171,1.30161228
-2.903951976,1.180534529,0.400578844,1.283733687
-2.898949475,1.164230581,0.690569151,1.266454155
-2.893946973,1.148525163,1.617827932,1.249779839
-2.888944472,1.133423576,1.144842742,1.233716514
-2.883941971,1.11893074,1.187088173,1.218269574
-2.87893947,1.105051204,1.095293506,1.203444026
-2.873936968,1.091789139,0.579069817,1.189244489
-2.868934467,1.079148348,1.436400984,1.175675192
-2.863931966,1.067132241,3.352890889,1.162739968
-2.858929465,1.055743851,1.600143634,1.150442253
-2.853926963,1.044985824,1.407624996,1.138785087
-2.848924462,1.034860423,0.678943893,1.127771107
-2.843921961,1.025369519,2.232623288,1.117402548
-2.83891946,1.016514595,1.123463923,1.107681244
-2.833916958,1.008296744,1.096596467,1.098608622
-2.828914457,1.000716671,1.051527616,1.090185705
-2.823911956,0.993774686,2.1051219,1.08241311
-2.818909455,0.987470709,0.930658684,1.075291046
-2.813906953,0.981804269,1.938665722,1.068819318
-2.808904452,0.976774505,2.105096784,1.062997325
-2.803901951,0.972380163,-0.031507669,1.057824057
-2.79889945,0.968619602,1.884378855,1.053298102
-2.793896948,0.965490789,0.990816627,1.049417644
-2.788894447,0.962991308,0.651559958,1.046180463
-2.783891946,0.961118354,1.006826777,1.043583937
-2.778889445,0.959868737,1.104443879,1.041625047
-2.773886943,0.959238889,0.886518307,1.040300373
-2.768884442,0.959224858,0.629948611,1.039606102
-2.763881941,0.959822317,0.678378679,1.039538028
-2.75887944,0.961026563,0.713721315,1.040091552
-2.753876938,0.962832523,0.849176982,1.041261692
-2.748874437,0.965234752,2.262996441,1.043043078
-2.743871936,0.968227444,0.260855549,1.045429962
-2.738869435,0.971804427,0.623751437,1.048416217
-2.733866933,0.975959177,0.226455523,1.051995345
-2.728864432,0.98068481,-0.467985508,1.056160479
-2.723861931,0.985974096,2.530996499,1.060904385
-2.71885943,0.991819461,1.592366232,1.066219473
-2.713856928,0.998212992,0.221322798,1.072097795
-2.708854427,1.005146434,2.433178221,1.078531054
-2.703851926,1.01261121,1.38281796,1.085510611
-2.698849425,1.020598414,0.953984147,1.093027484
-2.693846923,1.029098825,1.455619156,1.101072359
-2.688844422,1.038102902,1.006235515,1.109635597
-2.683841921,1.047600803,2.374297353,1.118707235
-2.67883942,1.057582382,0.448559688,1.128276997
-2.673836918,1.068037202,-0.582904933,1.138334296
-2.668834417,1.07895453,-0.083247362,1.148868248
-2.663831916,1.090323358,2.051567282,1.15986767
-2.658829415,1.102132401,0.53054425,1.171321095
-2.653826913,1.114370111,1.998317948,1.183216772
-2.648824412,1.12702467,0.259815912,1.195542681
-2.643821911,1.140084015,1.33673704,1.208286536
-2.63881941,1.153535835,0.209479406,1.221435793
-2.633816908,1.167367585,0.843497034,1.234977658
-2.628814407,1.181566482,0.708102609,1.248899098
-2.623811906,1.196119526,1.570366346,1.263186847
-2.618809405,1.211013506,0.639672256,1.277827413
-2.613806903,1.226235004,1.774836904,1.292807089
-2.608804402,1.241770398,0.821872214,1.308111962
-2.603801901,1.257605887,2.145210306,1.32372792
-2.5987994,1.273727484,2.069587074,1.339640661
-2.593796898,1.290121039,1.95760582,1.355835703
-2.588794397,1.306772225,1.487868203,1.372298396
-2.583791896,1.323666575,1.9925957,1.389013924
-2.578789395,1.340789472,0.896201442,1.405967323
-2.573786893,1.35812617,1.716040027,1.423143481
-2.568784392,1.375661783,1.859867714,1.440527159
-2.563781891,1.393381323,0.781514312,1.458102991
-2.55877939,1.411269687,0.753019871,1.475855497
-2.553776888,1.429311681,1.438545943,1.493769096
-2.548774387,1.447492012,2.128589309,1.511828109
-2.543771886,1.465795316,1.384617164,1.530016778
-2.538769385,1.484206159,1.784111478,1.548319266
-2.533766883,1.502709051,0.06780756,1.566719676
-2.528764382,1.521288441,1.792947597,1.585202056
-2.523761881,1.539928747,2.495997437,1.603750408
-2.51875938,1.558614356,1.147164029,1.622348705
-2.513756878,1.577329637,0.199562888,1.640980893
-2.508754377,1.596058937,-0.026704206,1.659630906
-2.503751876,1.614786613,2.451000005,1.678282675
-2.498749375,1.633497027,2.078564947,1.696920138
-2.493746873,1.652174565,1.048388055,1.715527252
-2.488744372,1.670803628,0.050013675,1.734088
-2.483741871,1.689368667,0.78296028,1.752586402
-2.47873937,1.707854179,1.196078154,1.771006529
-2.473736868,1.726244719,1.715931025,1.789332507
-2.468734367,1.744524901,1.884035454,1.807548531
-2.463731866,1.762679425,0.940965175,1.825638875
-2.458729365,1.780693075,0.689948746,1.843587901
-2.453726863,1.798550735,2.023728952,1.861380068
-2.448724362,1.816237382,2.13074605,1.878999944
-2.443721861,1.833738119,1.821559192,1.896432214
-2.43871936,1.85103817,1.74271945,1.91366169
-2.433716858,1.868122896,1.731673496,1.930673323
-2.428714357,1.88497779,2.219957166,1.947452209
-2.423711856,1.901588506,2.386328928,1.963983601
-2.418709355,1.917940858,1.399430346,1.980252915
-2.413706853,1.934020829,2.645322875,1.996245746
-2.408704352,1.949814572,2.108524121,2.011947869
-2.403701851,1.965308439,3.753706223,2.027345253
-2.39869935,1.980488969,2.143096763,2.04242407
-2.393696848,1.995342913,2.837796296,2.057170701
-2.388694347,2.009857222,2.83669308,2.071571747
-2.383691846,2.024019078,1.766375741,2.085614037
-2.378689345,2.037815887,1.13701691,2.099284635
-2.373686843,2.051235295,2.542650341,2.112570849
-2.368684342,2.064265183,1.842569237,2.125460241
-2.363681841,2.076893692,1.09335865,2.137940633
-2.35867934,2.089109219,1.805252391,2.150000112
-2.353676838,2.10090043,2.505497389,2.161627045
-2.348674337,2.112256257,2.646576931,2.172810079
-2.343671836,2.123165919,2.482135297,2.183538151
-2.338669335,2.13361892,1.967912942,2.193800496
-2.333666833,2.14360506,2.713156859,2.203586653
-2.328664332,2.15311443,1.652112768,2.212886472
-2.323661831,2.162137437,1.168203069,2.221690118
-2.31865933,2.170664796,1.804833965,2.229988083
-2.313656828,2.178687542,1.39745484,2.237771184
-2.308654327,2.186197028,2.452529939,2.245030576
-2.303651826,2.193184942,2.401603975,2.251757754
-2.298649325,2.199643304,1.890822584,2.257944559
-2.293646823,2.205564474,2.598329629,2.263583184
-2.288644322,2.210941151,2.921131186,2.268666178
-2.283641821,2.215766389,1.536098796,2.27318645
-2.27863932,2.220033592,2.266549086,2.277137278
-2.273636818,2.223736522,1.915351928,2.280512305
-2.268634317,2.226869298,2.518067754,2.283305551
-2.263631816,2.229426408,0.968000236,2.285511414
-2.258629315,2.231402707,2.563416521,2.287124672
-2.253626813,2.23279342,3.170765853,2.288140488
-2.248624312,2.233594145,2.230969546,2.288554412
-2.243621811,2.233800861,2.705092949,2.288362387
-2.23861931,2.233409923,3.037275094,2.287560746
-2.233616808,2.232418069,2.922043705,2.28614622
-2.228614307,2.23082242,2.367235067,2.284115935
-2.223611806,2.228620483,2.649047376,2.281467419
-2.218609305,2.225810153,2.520681897,2.2781986
-2.213606803,2.222389712,1.918812076,2.274307808
-2.208604302,2.218357832,2.771805233,2.269793776
-2.203601801,2.213713577,2.153501015,2.264655643
-2.1985993,2.208456398,1.996793412,2.25889295
-2.193596798,2.20258614,2.880898826,2.252505647
-2.188594297,2.196103041,3.254196763,2.245494085
-2.183591796,2.189007727,2.226456651,2.237859023
-2.178589295,2.181301216,2.989142505,2.229601623
-2.173586793,2.172984914,2.164590156,2.220723451
-2.168584292,2.164060623,1.543827297,2.211226477
-2.163581791,2.154530527,2.358940747,2.201113071
-2.15857929,2.144397198,2.559279876,2.190386005
-2.153576788,2.133663592,2.225304973,2.179048446
-2.148574287,2.122333054,0.963977707,2.167103962
-2.143571786,2.110409304,1.795381044,2.154556512
-2.138569285,2.097896444,2.378522286,2.141410447
-2.133566783,2.084798949,3.329544899,2.127670508
-2.128564282,2.071121675,2.278357385,2.113341821
-2.123561781,2.056869841,2.446633312,2.098429897
-2.11855928,2.042049037,2.373651626,2.082940622
-2.113556778,2.026665212,1.748832259,2.066880263
-2.108554277,2.010724686,2.232598029,2.050255454
-2.103551776,1.994234123,2.946502211,2.0330732
-2.098549275,1.977200546,1.226392767,2.015340866
-2.093546773,1.959631319,2.122693638,1.997066177
-2.088544272,1.94153416,1.227085475,1.978257212
-2.083541771,1.922917115,2.523184302,1.958922399
-2.07853927,1.903788568,2.812323273,1.939070506
-2.073536768,1.884157223,1.630745254,1.918710642
-2.068534267,1.864032123,2.940806344,1.897852247
-2.063531766,1.843422611,2.133298304,1.876505086
-2.058529265,1.82233835,2.246073573,1.854679245
-2.053526763,1.800789299,0.900646052,1.832385122
-2.048524262,1.778785731,2.300568942,1.809633424
-2.043521761,1.756338197,2.133210562,1.786435155
-2.03851926,1.733457539,1.54114814,1.762801616
-2.033516758,1.710154873,2.415282093,1.738744391
-2.028514257,1.686441599,1.65799777,1.714275344
-2.023511756,1.662329371,1.154191313,1.68940661
-2.018509255,1.637830102,1.780772849,1.664150587
-2.013506753,1.612955951,2.014599964,1.638519931
-2.008504252,1.587719335,1.598086299,1.612527542
-2.003501751,1.56213289,1.722376074,1.586186563
-1.99849925,1.536209484,1.775071668,1.559510367
-1.993496748,1.509962198,0.934653836,1.532512549
-1.988494247,1.483404339,0.455519724,1.505206921
-1.983491746,1.456549402,1.347844488,1.477607496
-1.978489245,1.429411078,1.652080445,1.449728489
-1.973486743,1.402003239,1.214684992,1.421584298
-1.968484242,1.374339952,1.503914195,1.393189504
-1.963481741,1.346435433,1.625061723,1.364558854
-1.95847924,1.318304061,1.397635459,1.335707255
-1.953476738,1.289960362,0.750055288,1.306649769
-1.948474237,1.261419018,1.562460167,1.277401593
-1.943471736,1.232694826,1.095625646,1.247978061
-1.938469235,1.20380271,0.83562302,1.218394625
-1.933466733,1.174757702,1.622779512,1.188666851
-1.928464232,1.145574955,0.996703921,1.158810408
-1.923461731,1.116269698,1.278872779,1.128841054
-1.91845923,1.08685725,1.200528375,1.098774634
-1.913456728,1.057353,1.111156784,1.068627061
-1.908454227,1.02777242,0.878762616,1.038414314
-1.903451726,0.998131018,1.332931358,1.008152421
-1.898449225,0.968444356,1.167790438,0.977857454
-1.893446723,0.938728024,0.6290797,0.947545517
-1.888444222,0.90899766,0.520784953,0.917232734
-1.883441721,0.879268896,0.326189167,0.886935243
-1.87843922,0.849557379,1.007572343,0.856669181
-1.873436718,0.819878749,0.547455945,0.826450677
-1.868434217,0.790248648,0.6941043,0.796295842
-1.863431716,0.760682679,0.569541009,0.766220756
-1.858429215,0.731196419,1.060787955,0.736241459
-1.853426713,0.701805395,0.696152291,0.706373945
-1.848424212,0.672525103,1.132387427,0.676634144
-1.843421711,0.643370959,0.998972135,0.647037918
-1.83841921,0.614358311,0.446180187,0.617601049
-1.833416708,0.585502424,0.675642294,0.588339231
-1.828414207,0.556818489,0.265001802,0.559268054
-1.823411706,0.52832158,0.682437529,0.530403002
-1.818409205,0.500026666,0.406748123,0.501759439
-1.813406703,0.471948595,0.33039608,0.473352598
-1.808404202,0.4441021,0.23358138,0.445197574
-1.803401701,0.416501764,0.432713994,0.417309314
-1.7983992,0.389162028,0.439643572,0.389702608
-1.793396698,0.36209717,0.580008888,0.362392076
-1.788394197,0.335321325,0.092000609,0.335392165
-1.783391696,0.308848434,0.098110282,0.308717133
-1.778389195,0.282692264,0.470572444,0.282381045
-1.773386693,0.256866387,0.31960648,0.256397764
-1.768384192,0.231384191,0.068475854,0.230780936
-1.763381691,0.206258841,-0.116100788,0.20554399
-1.75837919,0.181503292,0.181362326,0.180700125
-1.753376688,0.157130271,0.363931524,0.156262299
-1.748374187,0.133152287,0.195614741,0.132243229
-1.743371686,0.109581596,0.446433958,0.108655372
-1.738369185,0.086430212,0.07147276,0.085510927
-1.733366683,0.063709891,0.404360987,0.062821821
-1.728364182,0.041432138,0.123967138,0.040599706
-1.723361681,0.019608177,0.060179089,0.018855946
-1.71835918,-0.00175104,0.226952073,-0.002398386
-1.713356678,-0.022634846,-0.109081999,-0.023152514
-1.708354177,-0.043032855,-0.049038612,-0.043395971
-1.703351676,-0.062934985,0.065277389,-0.063118601
-1.698349175,-0.082331457,-0.22496189,-0.082310567
-1.693346673,-0.101212801,-0.133888049,-0.100962358
-1.688344172,-0.11956985,0.047775364,-0.119064794
-1.683341671,-0.137393771,-0.111429117,-0.136609031
-1.67833917,-0.154676051,-0.287615326,-0.153586571
-1.673336668,-0.171408512,-0.279043718,-0.169989261
-1.668334167,-0.187583301,-0.298810255,-0.185809302
-1.663331666,-0.203192917,-0.097769237,-0.201039256
-1.658329165,-0.218230203,-0.31649082,-0.215672045
-1.653326663,-0.232688351,-0.157934918,-0.22970096
-1.648324162,-0.246560904,-0.368007665,-0.243119665
-1.643321661,-0.259841767,-0.094259216,-0.255922197
-1.63831916,-0.272525209,-0.385196845,-0.268102976
-1.633316658,-0.284605864,-0.245993888,-0.279656805
-1.628314157,-0.296078729,-0.405053058,-0.290578871
-1.623311656,-0.306939182,-0.2348726,-0.300864754
-1.618309155,-0.317182972,-0.287603294,-0.310510425
-1.613306653,-0.32680623,-0.401963549,-0.31951225
-1.608304152,-0.335805458,-0.326089131,-0.327866995
-1.603301651,-0.34417755,-0.378540358,-0.335571822
-1.59829915,-0.351919781,-0.3284899,-0.342624298
-1.593296648,-0.359029814,-0.350609523,-0.34902239
-1.588294147,-0.365505695,-0.368976159,-0.354764473
-1.583291646,-0.371345863,-0.369486056,-0.359849325
-1.578289145,-0.376549147,-0.368921225,-0.36427613
-1.573286643,-0.381114765,-0.383269105,-0.368044482
-1.568284142,-0.385042325,-0.38721974,-0.371154378
-1.563281641,-0.388331829,-0.388551599,-0.373606227
-1.55827914,-0.39098367,-0.395592425,-0.375400841
-1.553276638,-0.392998631,-0.410980154,-0.376539441
-1.548274137,-0.394377884,-0.384537839,-0.377023653
-1.543271636,-0.395122995,-0.413507106,-0.376855509
-1.538269135,-0.395235915,-0.402294746,-0.376037444
-1.533266633,-0.394718985,-0.386408212,-0.374572295
-1.528264132,-0.393574932,-0.339243479,-0.3724633
-1.523261631,-0.391806867,-0.419876665,-0.369714095
-1.51825913,-0.389418282,-0.390844845,-0.366328713
-1.513256628,-0.386413052,-0.37373418,-0.362311581
-1.508254127,-0.38279543,-0.412010038,-0.357667516
-1.503251626,-0.378570041,-0.303668303,-0.352401724
-1.498249125,-0.373741886,-0.450131137,-0.346519796
-1.493246623,-0.368316333,-0.290591642,-0.340027703
-1.488244122,-0.362299117,-0.379592411,-0.332931796
-1.483241621,-0.355696335,-0.3872067,-0.325238797
-1.47823912,-0.348514443,-0.344664622,-0.316955799
-1.473236618,-0.340760249,-0.45247235,-0.308090261
-1.468234117,-0.332440916,-0.356120959,-0.298650001
-1.463231616,-0.323563948,-0.301892743,-0.288643193
-1.458229115,-0.314137192,-0.287352986,-0.278078362
-1.453226613,-0.30416883,-0.365074939,-0.266964377
-1.448224112,-0.29366738,-0.348952222,-0.255310447
-1.443221611,-0.282641678,-0.388858415,-0.243126116
-1.43821911,-0.271100885,-0.333424558,-0.230421255
-1.433216608,-0.259054473,-0.162436642,-0.217206055
-1.428214107,-0.246512229,-0.279051275,-0.203491026
-1.423211606,-0.233484236,-0.269785409,-0.189286984
-1.418209105,-0.219980875,-0.23377479,-0.174605048
-1.413206603,-0.206012813,-0.415362395,-0.159456631
-1.408204102,-0.191591011,-0.399947807,-0.143853435
-1.403201601,-0.176726694,0.001977233,-0.127807441
-1.3981991,-0.161431362,-0.063761312,-0.111330905
-1.393196598,-0.145716772,-0.213043101,-0.094436347
-1.388194097,-0.129594945,0.060839033,-0.077136545
-1.383191596,-0.113078139,-0.019850773,-0.059444525
-1.378189095,-0.096178855,-0.290197467,-0.041373557
-1.373186593,-0.078909824,-0.167075732,-0.022937141
-1.368184092,-0.061284006,0.131018319,-0.004149003
-1.363181591,-0.043314572,-0.253426662,0.014976915
-1.35817909,-0.025014898,0.404492724,0.034426464
-1.353176588,-0.006398559,0.172023089,0.054185298
-1.348174087,0.01252067,0.149100765,0.074238881
-1.343171586,0.031728844,0.074451724,0.094572497
-1.338169085,0.051211841,-0.091013187,0.115171259
-1.333166583,0.070955378,0.392173169,0.136020118
-1.328164082,0.090945007,0.19286287,0.157103874
-1.323161581,0.111166143,0.180584857,0.178407185
-1.31815908,0.131604061,0.62419579,0.199914576
-1.313156578,0.152243915,0.013654388,0.221610447
-1.308154077,0.173070724,0.421806672,0.243479087
-1.303151576,0.194069413,0.535266512,0.265504681
-1.298149075,0.215224803,0.327662086,0.28767132
-1.293146573,0.236521626,0.287914197,0.309963012
-1.288144072,0.257944526,0.174974025,0.332363692
-1.283141571,0.279478083,1.10561549,0.354857232
-1.27813907,0.301106816,0.359545582,0.37742745
-1.273136568,0.322815193,-0.127242649,0.40005812
-1.268134067,0.34458763,0.50998877,0.422732987
-1.263131566,0.366408522,0.860292313,0.44543577
-1.258129065,0.388262237,0.472028171,0.468150178
-1.253126563,0.410133137,0.54496058,0.490859916
-1.248124062,0.432005564,0.260647827,0.513548699
-1.243121561,0.453863883,0.379288302,0.53620026
-1.23811906,0.475692471,0.588376757,0.55879836
-1.233116558,0.497475735,1.077493833,0.581326801
-1.228114057,0.519198106,0.44007461,0.603769432
-1.223111556,0.540844072,0.45672365,0.626110163
-1.218109055,0.562398174,0.48924052,0.648332973
-1.213106553,0.583845023,0.004482391,0.670421919
-1.208104052,0.605169291,1.199692041,0.692361151
-1.203101551,0.626355747,0.416094027,0.714134917
-1.19809905,0.647389252,0.756381643,0.735727573
-1.193096548,0.668254771,1.00705256,0.757123596
-1.188094047,0.688937373,0.195637004,0.778307594
-1.183091546,0.70942226,1.064962173,0.79926431
-1.178089045,0.729694761,0.86854004,0.819978639
-1.173086543,0.749740351,0.215148392,0.840435632
-1.168084042,0.769544642,0.652588586,0.860620508
-1.163081541,0.789093417,1.749100309,0.880518664
-1.15807904,0.808372622,1.071965194,0.900115682
-1.153076538,0.827368384,0.638818052,0.919397338
-1.148074037,0.846067005,0.630409429,0.938349615
-1.143071536,0.864454988,0.876248613,0.956958706
-1.138069035,0.882519039,1.122420414,0.975211028
-1.133066533,0.900246076,0.516620369,0.993093227
-1.128064032,0.917623224,0.820589831,1.010592187
-1.123061531,0.934637848,1.618269505,1.027695041
-1.11805903,0.951277541,1.395284036,1.044389176
-1.113056528,0.967530145,0.846842504,1.060662242
-1.108054027,0.983383738,0.954685372,1.076502159
-1.103051526,0.998826669,0.475985822,1.091897127
-1.098049025,1.013847548,1.673513982,1.106835632
-1.093046523,1.028435257,0.987680334,1.121306452
-1.088044022,1.042578951,0.514005536,1.135298666
-1.083041521,1.056268078,0.489357846,1.14880166
-1.07803902,1.069492375,1.465248197,1.161805134
-1.073036518,1.082241882,0.874257869,1.174299108
-1.068034017,1.094506934,1.173040782,1.186273931
-1.063031516,1.106278186,1.464770036,1.197720282
-1.058029015,1.117546606,1.323902226,1.208629181
-1.053026513,1.128303488,1.386696668,1.21899199
-1.048024012,1.138540446,1.44012112,1.228800424
-1.043021511,1.148249435,1.703066492,1.238046551
-1.03801901,1.157422744,1.416281915,1.246722799
-1.033016508,1.166053008,1.988397889,1.254821964
-1.028014007,1.174133205,2.225225708,1.262337208
-1.023011506,1.181656669,1.521038701,1.269262069
-1.018009005,1.188617088,1.124291735,1.275590463
-1.013006503,1.195008513,0.841145156,1.281316687
-1.008004002,1.200825354,0.803109744,1.286435425
-1.003001501,1.206062391,1.063900608,1.290941749
-0.997998999,1.210714776,1.443759985,1.294831122
-0.992996498,1.214778031,0.765214019,1.298099405
-0.987993997,1.218248057,0.655592806,1.300742854
-0.982991496,1.221121134,1.378049264,1.302758126
-0.977988994,1.223393922,1.240689772,1.304142281
-0.972986493,1.225063465,0.213562391,1.304892781
-0.967983992,1.226127193,2.236150921,1.305007497
-0.962981491,1.22658292,1.862145723,1.304484704
-0.957978989,1.226428852,0.985575509,1.303323086
-0.952976488,1.225663581,1.819748547,1.301521738
-0.947973987,1.224286092,0.925919464,1.299080164
-0.942971486,1.222295759,1.660494267,1.295998275
-0.937968984,1.219692347,1.531836156,1.292276398
-0.932966483,1.216476014,1.260526644,1.287915265
-0.927963982,1.212647308,2.160447978,1.28291602
-0.922961481,1.208207169,0.974177658,1.277280215
-0.917958979,1.203156924,0.814018848,1.271009812
-0.912956478,1.197498295,2.062321709,1.264107178
-0.907953977,1.191233388,1.65353721,1.256575086
-0.902951476,1.184364699,0.554617151,1.248416713
-0.897948974,1.176895105,0.751545915,1.239635637
-0.892946473,1.168827874,1.339179223,1.230235837
-0.887943972,1.16016665,0.324128463,1.220221688
-0.882941471,1.150915458,0.746836608,1.20959796
-0.877938969,1.141078698,1.685975719,1.198369814
-0.872936468,1.130661149,2.305566535,1.186542799
-0.867933967,1.119667958,1.101852759,1.174122851
-0.862931466,1.108104639,0.195583316,1.161116285
-0.857928964,1.09597707,1.399294652,1.147529793
-0.852926463,1.083291497,0.785781514,1.133370443
-0.847923962,1.070054513,1.615321282,1.118645668
-0.842921461,1.056273071,0.118495221,1.103363267
-0.837918959,1.041954464,0.560004005,1.087531399
-0.832916458,1.027106342,1.075293452,1.071158575
-0.827913957,1.011736683,2.463610811,1.054253657
-0.822911456,0.995853804,1.187184314,1.036825848
-0.817908954,0.979466345,1.960770081,1.018884691
-0.812906453,0.962583281,1.190181913,1.00044006
-0.807903952,0.945213895,1.911649377,0.981502152
-0.802901451,0.927367785,-0.143522888,0.962081486
-0.797898949,0.909054852,1.879420393,0.942188892
-0.792896448,0.890285306,0.632284685,0.921835507
-0.787893947,0.871069642,0.513896074,0.901032766
-0.782891446,0.851418644,-0.902513861,0.879792394
-0.777888944,0.831343372,0.709163725,0.858126404
-0.772886443,0.810855173,0.149810249,0.836047083
-0.767883942,0.789965646,-0.479761907,0.813566988
-0.762881441,0.768686654,0.875992582,0.790698936
-0.757878939,0.747030308,0.097994358,0.767456
-0.752876438,0.725008973,1.303804975,0.743851496
-0.747873937,0.702635241,-0.210439971,0.719898976
-0.742871436,0.679921934,0.348008271,0.695612223
-0.737868934,0.65688209,0.294181526,0.671005236
-0.732866433,0.633528973,1.141800029,0.646092229
-0.727863932,0.609876038,-0.293042839,0.620887615
-0.722861431,0.585936939,2.063552624,0.595406001
-0.717858929,0.561725513,0.208950806,0.569662178
-0.712856428,0.537255787,-0.404836805,0.543671109
-0.707853927,0.512541947,0.730327451,0.517447927
-0.702851426,0.487598341,0.481290011,0.491007916
-0.697848924,0.462439466,0.489242146,0.464366509
-0.692846423,0.437079974,0.047608954,0.437539274
-0.687843922,0.411534637,0.070292391,0.410541907
-0.682841421,0.385818356,1.424922746,0.383390218
-0.677838919,0.359946141,0.876399902,0.356100129
-0.672836418,0.333933124,-0.584953451,0.328687653
-0.667833917,0.307794517,0.286352961,0.301168894
-0.662831416,0.281545621,-0.676182248,0.273560032
-0.657828914,0.255201813,-0.218590706,0.245877313
-0.652826413,0.22877855,-0.196264636,0.218137039
-0.647823912,0.202291331,1.727648248,0.19035556
-0.642821411,0.175755709,1.01984429,0.162549261
-0.637818909,0.149187269,-0.57957151,0.134734553
-0.632816408,0.122601642,0.979251938,0.106927861
-0.627813907,0.09601446,0.938590986,0.079145618
-0.622811406,0.069441368,0.873083403,0.051404249
-0.617808904,0.042898007,2.079713804,0.023720166
-0.612806403,0.016400023,-1.103574714,-0.003890247
-0.607803902,-0.010036976,1.346267563,-0.031410641
-0.602801401,-0.036397406,-0.02665868,-0.058824712
-0.597798899,-0.062665728,0.764151502,-0.086116214
-0.592796398,-0.088826439,0.227495191,-0.113268969
-0.587793897,-0.114864108,0.568346443,-0.140266873
-0.582791396,-0.14076337,0.668109821,-0.167093911
-0.577788894,-0.166508945,-0.479977272,-0.193734163
-0.572786393,-0.192085623,-0.584446897,-0.22017182
-0.567783892,-0.21747831,1.19297968,-0.246391185
-0.562781391,-0.242672012,-1.106829545,-0.27237669
-0.557778889,-0.267651857,0.891799412,-0.298112906
-0.552776388,-0.292403086,0.372790062,-0.323584545
-0.547773887,-0.316911088,0.210141247,-0.34877648
-0.542771386,-0.341161391,-0.676576664,-0.373673746
-0.537768884,-0.365139684,-0.623139903,-0.398261554
-0.532766383,-0.388831801,0.932417654,-0.422525299
-0.527763882,-0.412223763,-0.693207445,-0.446450569
-0.522761381,-0.435301766,-0.768997277,-0.470023155
-0.517758879,-0.458052199,0.842055015,-0.493229057
-0.512756378,-0.480461635,0.62072188,-0.516054498
-0.507753877,-0.502516864,-1.139776259,-0.538485928
-0.502751376,-0.524204889,0.405051,-0.560510034
-0.497748874,-0.545512935,-0.811450542,-0.582113748
-0.492746373,-0.566428447,-1.436719402,-0.603284257
-0.487743872,-0.58693912,0.233589844,-0.62400901
-0.482741371,-0.607032889,0.345429075,-0.644275724
-0.477738869,-0.626697948,0.256526862,-0.664072396
-0.472736368,-0.645922736,-2.238066968,-0.683387304
-0.467733867,-0.664695976,-0.556100819,-0.702209022
-0.462731366,-0.683006658,-0.751729001,-0.720526422
-0.457728864,-0.700844059,0.166165179,-0.738328682
-0.452726363,-0.718197733,-3.191681919,-0.755605294
-0.447723862,-0.73505754,-1.282490476,-0.77234607
-0.442721361,-0.751413637,-1.523667728,-0.788541148
-0.437718859,-0.76725649,0.474616177,-0.804180999
-0.432716358,-0.782576873,-1.600169172,-0.819256432
-0.427713857,-0.797365884,0.097752481,-0.833758599
-0.422711356,-0.811614944,1.179635574,-0.847679006
-0.417708854,-0.825315809,0.313733274,-0.861009509
-0.412706353,-0.838460558,-0.984190396,-0.873742328
-0.407703852,-0.85104162,-1.592301173,-0.885870047
-0.402701351,-0.863051768,-2.517114963,-0.89738562
-0.397698849,-0.874484124,-2.153457467,-0.908282375
-0.392696348,-0.885332158,-0.760029484,-0.918554021
-0.387693847,-0.895589703,-0.404810832,-0.928194645
-0.382691346,-0.905250954,-2.684357673,-0.937198724
-0.377688844,-0.91431047,-1.36374496,-0.945561124
-0.372686343,-0.922763176,-0.739289783,-0.953277103
-0.367683842,-0.930604373,-2.19467778,-0.960342317
-0.362681341,-0.937829734,0.582134652,-0.966752818
-0.357678839,-0.944435312,-1.165998749,-0.972505061
-0.352676338,-0.950417535,-0.679628024,-0.977595905
-0.347673837,-0.955773219,-1.294093651,-0.982022614
-0.342671336,-0.96049956,-1.550765184,-0.985782857
-0.337668834,-0.964594143,0.076776728,-0.988874717
-0.332666333,-0.968054937,-2.277532579,-0.991296681
-0.327663832,-0.970880303,-0.535809204,-0.993047651
-0.322661331,-0.973068988,-1.094534777,-0.99412694
-0.317658829,-0.974620134,-0.616582471,-0.994534272
-0.312656328,-0.97553327,-2.162361307,-0.994269784
-0.307653827,-0.975808318,-1.539081649,-0.993334025
-0.302651326,-0.975445592,-0.782167499,-0.991727957
-0.297648824,-0.974445796,-1.444906114,-0.989452951
-0.292646323,-0.972810025,-1.181596166,-0.986510792
-0.287643822,-0.970539764,-2.419374941,-0.982903672
-0.282641321,-0.967636888,-2.024358929,-0.978634192
-0.277638819,-0.964103657,-1.216398106,-0.973705359
-0.272636318,-0.959942723,-0.47717646,-0.968120585
-0.267633817,-0.955157118,-2.335640508,-0.961883685
-0.262631316,-0.949750259,-1.211640596,-0.954998873
-0.257628814,-0.943725941,-1.542726177,-0.947470762
-0.252626313,-0.937088344,-0.896321323,-0.93930436
-0.247623812,-0.929842016,-3.563013794,-0.930505064
-0.242621311,-0.921991884,-1.990232932,-0.921078662
-0.237618809,-0.91354324,-0.120323756,-0.911031327
-0.232616308,-0.904501748,-0.234683878,-0.900369609
-0.227613807,-0.894873431,-1.746430983,-0.889100439
-0.222611306,-0.884664672,-2.625740447,-0.877231119
-0.217608804,-0.873882209,-1.80360109,-0.864769319
-0.212606303,-0.862533135,1.099224471,-0.85172307
-0.207603802,-0.850624884,-2.67060881,-0.838100765
-0.202601301,-0.838165235,-1.318146626,-0.823911147
-0.197598799,-0.825162301,-0.816557642,-0.809163307
-0.192596298,-0.811624535,-1.467265214,-0.793866679
-0.187593797,-0.797560709,-1.790432349,-0.778031033
-0.182591296,-0.782979918,-1.154729396,-0.761666466
-0.177588794,-0.767891571,-1.719492394,-0.744783401
-0.172586293,-0.752305394,1.143327475,-0.727392578
-0.167583792,-0.73623141,-1.356485487,-0.709505046
-0.162581291,-0.719679939,0.128704918,-0.69113216
-0.157578789,-0.702661593,-1.493749208,-0.672285567
-0.152576288,-0.685187273,-0.941088903,-0.652977208
-0.147573787,-0.667268152,-0.480802858,-0.633219302
-0.142571286,-0.648915674,-2.065986631,-0.613024344
-0.137568784,-0.630141543,1.216392054,-0.592405094
-0.132566283,-0.610957732,-2.471354278,-0.571374571
-0.127563782,-0.59137645,-0.922429494,-0.549946043
-0.122561281,-0.571410149,-0.936194786,-0.528133023
-0.117558779,-0.551071512,1.990123293,-0.505949253
-0.112556278,-0.530373458,-0.236093302,-0.483408703
-0.107553777,-0.509329113,-1.944889695,-0.460525558
-0.102551276,-0.487951814,1.177362778,-0.43731421
-0.097548774,-0.466255094,0.822876305,-0.413789249
-0.092546273,-0.444252691,-0.468438079,-0.389965457
-0.087543772,-0.421958515,-0.784838812,-0.365857791
-0.082541271,-0.399386654,3.29E-05,-0.341481383
-0.077538769,-0.376551357,-1.159756017,-0.316851524
-0.072536268,-0.353467044,-0.143446223,-0.291983656
-0.067533767,-0.330148269,0.768672359,-0.266893366
-0.062531266,-0.30660973,1.319905131,-0.24159637
-0.057528764,-0.282866249,0.434480513,-0.216108507
-0.052526263,-0.258932783,0.883037164,-0.19044573
-0.047523762,-0.234824387,-0.355190151,-0.164624094
-0.042521261,-0.210556221,0.536305309,-0.138659745
-0.037518759,-0.186143533,-1.894387269,-0.112568914
-0.032516258,-0.161601666,-2.717377506,-0.086367902
-0.027513757,-0.136946025,1.583859994,-0.060073074
-0.022511256,-0.11219208,-0.106507382,-0.033700845
-0.017508754,-0.087355352,1.868606012,-0.007267673
-0.012506253,-0.06245142,1.086666571,0.019209952
-0.007503752,-0.037495882,-1.069952664,0.04571552
-0.002501251,-0.012504365,1.233021673,0.072232511
0.002501251,0.012507493,0.215188936,0.098744402
0.007503752,0.037524035,-0.364466333,0.125234683
0.012506253,0.062529623,-0.817487735,0.151686861
0.017508754,0.087508631,-0.601854023,0.178084476
0.022511256,0.112445459,0.622253381,0.204411107
0.027513757,0.137324528,0.478223771,0.230650385
0.032516258,0.16213032,1.17319511,0.256786
0.037518759,0.186847361,0.39201095,0.282801718
0.042521261,0.21146025,1.134343997,0.308681381
0.047523762,0.235953641,1.293531178,0.334408927
0.052526263,0.260312287,2.071174282,0.359968392
0.057528764,0.284521028,-0.238503909,0.385343927
0.062531266,0.308564809,-0.064243434,0.410519802
0.067533767,0.332428674,0.026734681,0.435480419
0.072536268,0.356097799,2.906139585,0.460210321
0.077538769,0.379557488,-0.232200842,0.484694201
0.082541271,0.402793185,1.912471342,0.508916914
0.087543772,0.425790471,0.141406155,0.532863483
0.092546273,0.448535098,0.168572951,0.55651911
0.097548774,0.471012975,0.483460285,0.579869187
0.102551276,0.493210196,0.621023561,0.6028993
0.107553777,0.515113021,0.173179682,0.625595245
0.112556278,0.536707916,1.237018499,0.64794303
0.117558779,0.557981545,2.364653858,0.669928889
0.122561281,0.578920782,2.060224814,0.691539288
0.127563782,0.599512709,0.252120968,0.712760933
0.132566283,0.619744642,0.197447405,0.733580781
0.137568784,0.639604128,-0.370375613,0.753986043
0.142571286,0.659078959,0.665525716,0.7739642
0.147573787,0.678157163,0.931904461,0.793503002
0.152576288,0.696827035,1.458685969,0.812590481
0.157578789,0.71507713,1.667288846,0.831214958
0.162581291,0.732896278,1.827018985,0.849365049
0.167583792,0.750273574,0.659933824,0.867029672
0.172586293,0.767198409,0.958475057,0.884198055
0.177588794,0.783660461,2.644394368,0.900859742
0.182591296,0.799649709,0.809913583,0.917004598
0.187593797,0.815156425,0.480972052,0.932622821
0.192596298,0.830171202,1.528023394,0.947704939
0.197598799,0.844684944,2.00969919,0.962241826
0.202601301,0.858688879,1.824762756,0.976224697
0.207603802,0.872174553,0.288028427,0.989645125
0.212606303,0.885133855,0.615598702,1.002495035
0.217608804,0.897559005,1.968595515,1.014766718
0.222611306,0.909442569,0.418071101,1.02645283
0.227613807,0.920777454,2.445369306,1.0375464
0.232616308,0.931556921,1.354784278,1.048040831
0.237618809,0.941774589,0.392058324,1.057929909
0.242621311,0.951424434,-0.275733873,1.067207802
0.247623812,0.960500792,2.153929714,1.075869065
0.252626313,0.968998371,1.15063685,1.083908645
0.257628814,0.976912244,0.961748825,1.091321882
0.262631316,0.984237863,2.316019867,1.098104515
0.267633817,0.990971048,1.923603841,1.104252679
0.272636318,0.997108004,1.801960148,1.109762915
0.277638819,1.002645314,0.038247447,1.114632164
0.282641321,1.007579946,0.75783098,1.118857776
0.287643822,1.011909248,0.1065605,1.122437506
0.292646323,1.01563096,-0.160007858,1.12536952
0.297648824,1.018743207,1.237647035,1.127652393
0.302651326,1.021244505,-0.499085668,1.12928511
0.307653827,1.023133757,0.700770153,1.130267069
0.312656328,1.02441026,0.626079254,1.130598079
0.317658829,1.0250737,1.043428916,1.13027836
0.322661331,1.025124156,1.239740373,1.129308545
0.327663832,1.024562096,0.830558169,1.127689678
0.332666333,1.023388382,2.106690313,1.125423212
0.337668834,1.021604264,2.447165556,1.122511011
0.342671336,1.019211382,1.885566511,1.118955347
0.347673837,1.016211767,0.490599996,1.1147589
0.352676338,1.012607835,1.752995881,1.109924752
0.357678839,1.008402388,1.922273389,1.104456392
0.362681341,1.003598611,0.08627515,1.098357708
0.367683842,0.998200076,0.956496155,1.091632986
0.372686343,0.992210731,-1.829797418,1.084286908
0.377688844,0.985634901,-1.80982905,1.076324552
0.382691346,0.978477287,2.157611512,1.067751381
0.387693847,0.970742962,-0.099004971,1.058573246
0.392696348,0.962437369,0.376241738,1.048796381
0.397698849,0.953566312,0.932294567,1.038427399
0.402701351,0.944135957,-1.728020319,1.027473286
0.407703852,0.934152836,-0.617295743,1.015941398
0.412706353,0.923623825,1.802566686,1.003839457
0.417708854,0.912556152,1.301749954,0.991175546
0.422711356,0.90095739,1.937256486,0.977958102
0.427713857,0.888835455,-1.487784017,0.964195912
0.432716358,0.876198596,1.396621707,0.94989811
0.437718859,0.86305539,0.331485387,0.935074165
0.442721361,0.849414738,0.259408101,0.919733882
0.447723862,0.835285868,1.729602098,0.903887391
0.452726363,0.820678313,1.319806529,0.887545143
0.457728864,0.805601916,0.592548663,0.870717902
0.462731366,0.790066817,1.904467817,0.853416741
0.467733867,0.774083461,0.353644194,0.83565303
0.472736368,0.757662573,1.598200353,0.817438434
0.477738869,0.740815161,1.446503621,0.798784903
0.482741371,0.723552505,1.334628534,0.779704665
0.487743872,0.705886162,1.290052355,0.760210218
0.492746373,0.687827941,0.639730593,0.740314325
0.497748874,0.669389906,0.819719609,0.720029999
0.502751376,0.650584362,0.833911346,0.699370504
0.507753877,0.631423864,0.492202104,0.678349339
0.512756378,0.611921186,0.429980385,0.656980235
0.517758879,0.592089328,0.876499753,0.635277142
0.522761381,0.571941497,-0.758928258,0.613254223
0.527763882,0.551491121,0.546604342,0.590925845
0.532766383,0.530751811,0.577330798,0.568306569
0.537768884,0.509737371,0.745261428,0.545411141
0.542771386,0.48846178,1.805004187,0.522254484
0.547773887,0.466939204,1.306304015,0.498851686
0.552776388,0.445183954,0.261432098,0.475217996
0.557778889,0.423210502,1.550746022,0.451368806
0.562781391,0.401033459,-0.474265146,0.427319649
0.567783892,0.378667584,0.793467146,0.403086186
0.572786393,0.35612775,1.231215721,0.378684198
0.577788894,0.333428948,-0.308859209,0.354129571
0.582791396,0.310586276,-0.321953491,0.329438293
0.587793897,0.287614941,1.001133644,0.30462644
0.592796398,0.264530223,0.428693692,0.279710167
0.597798899,0.24134749,-0.689485656,0.254705698
0.602801401,0.218082171,-0.675382399,0.229629315
0.607803902,0.194749768,0.700387607,0.204497348
0.612806403,0.171365821,1.152835636,0.179326166
0.617808904,0.147945914,1.557982698,0.154132166
0.622811406,0.124505656,0.593108234,0.128931762
0.627813907,0.101060691,-0.007842739,0.103741377
0.632816408,0.077626661,0.294459049,0.07857743
0.637818909,0.054219211,0.337756491,0.053456328
0.642821411,0.030853974,-0.912419639,0.028394453
0.647823912,0.00754658,0.601012784,0.003408156
0.652826413,-0.015687387,-0.691867771,-0.021486258
0.657828914,-0.038832373,-0.527419742,-0.046272535
0.662831416,-0.061872878,-1.146273483,-0.070934488
0.667833917,-0.084793446,0.702250291,-0.095456001
0.672836418,-0.107578702,-0.722136658,-0.119821044
0.677838919,-0.130213341,-0.017103665,-0.144013681
0.682841421,-0.152682153,-1.16234992,-0.168018078
0.687843922,-0.174970006,0.213107655,-0.191818517
0.692846423,-0.197061891,-1.091659159,-0.215399402
0.697848924,-0.218942905,-0.607939271,-0.238745271
0.702851426,-0.240598278,-0.882171404,-0.261840806
0.707853927,-0.262013356,-0.647668072,-0.284670839
0.712856428,-0.283173644,-0.418714022,-0.307220365
0.717858929,-0.304064792,-0.277333735,-0.32947455
0.722861431,-0.324672615,0.00165787,-0.351418741
0.727863932,-0.344983086,-0.312603711,-0.373038474
0.732866433,-0.364982369,-0.274398033,-0.394319483
0.737868934,-0.384656808,-0.144767751,-0.415247709
0.742871436,-0.403992949,-1.46424825,-0.435809312
0.747873937,-0.422977528,0.40006495,-0.455990672
0.752876438,-0.441597508,-0.689580259,-0.475778405
0.757878939,-0.459840065,-0.008174126,-0.495159368
0.762881441,-0.477692608,-0.592610179,-0.514120667
0.767883942,-0.495142772,-0.00940756,-0.532649665
0.772886443,-0.512178446,-0.030508872,-0.550733992
0.777888944,-0.528787767,-1.241504702,-0.56836155
0.782891446,-0.544959136,-0.607159578,-0.585520519
0.787893947,-0.560681206,0.004236776,-0.602199372
0.792896448,-0.575942917,0.224828864,-0.618386871
0.797898949,-0.590733485,-1.046465895,-0.634072084
0.802901451,-0.605042415,0.817999421,-0.649244386
0.807903952,-0.618859497,-1.921947534,-0.663893467
0.812906453,-0.63217483,-1.194766917,-0.678009338
0.817908954,-0.644978816,-0.198985009,-0.691582339
0.822911456,-0.657262172,-1.629979376,-0.704603141
0.827913957,-0.669015923,-1.381599233,-0.717062757
0.832916458,-0.680231429,0.194708001,-0.728952543
0.837918959,-0.690900373,0.031493799,-0.740264205
0.842921461,-0.701014776,-0.989743671,-0.750989806
0.847923962,-0.710566991,1.060629166,-0.761121766
0.852926463,-0.719549721,-1.188537997,-0.770652871
0.857928964,-0.727956017,-0.718103028,-0.779576278
0.862931466,-0.735779282,-0.732100562,-0.787885513
0.867933967,-0.743013272,-1.509332762,-0.795574482
0.872936468,-0.749652111,0.854849054,-0.802637472
0.877938969,-0.755690281,-1.413642243,-0.809069153
0.882941471,-0.761122637,-1.013104536,-0.814864581
0.887943972,-0.765944401,-1.62033385,-0.820019206
0.892946473,-0.770151173,-0.452504401,-0.824528868
0.897948974,-0.773738925,-0.373627403,-0.828389805
0.902951476,-0.776704015,-0.673399854,-0.83159865
0.907953977,-0.779043176,0.026384412,-0.834152438
0.912956478,-0.78075353,-1.396451869,-0.836048605
0.917958979,-0.78183258,-0.24872874,-0.83728499
0.922961481,-0.782278221,-0.866259246,-0.837859836
0.927963982,-0.782088732,-1.494044182,-0.837771791
0.932966483,-0.781262785,-1.445381185,-0.837019909
0.937968984,-0.77979944,-1.708259262,-0.83560365
0.942971486,-0.777698148,-0.939587368,-0.833522881
0.947973987,-0.774958752,-0.349069709,-0.830777876
0.952976488,-0.771581488,-1.190781639,-0.827369315
0.957978989,-0.76756698,-0.647316713,-0.823298281
0.962981491,-0.762916244,-0.721179389,-0.818566267
0.967983992,-0.757630688,-1.088372484,-0.813175164
0.972986493,-0.751712108,-0.965059659,-0.807127269
0.977988994,-0.745162686,-0.176895023,-0.800425279
0.982991496,-0.737984993,-1.268422238,-0.793072289
0.987993997,-0.730181988,0.188010164,-0.785071793
0.992996498,-0.721757008,-0.822295019,-0.776427677
0.997998999,-0.712713775,-1.566257738,-0.767144222
1.003001501,-0.703056385,-0.034307296,-0.757226094
1.008004002,-0.69278932,-1.006354731,-0.74667835
1.013006503,-0.681917426,-1.158558692,-0.735506426
1.018009005,-0.670445921,-1.7622589,-0.723716139
1.023011506,-0.658380398,-0.381757282,-0.711313682
1.028014007,-0.645726806,-0.726622605,-0.698305617
1.033016508,-0.632491455,-0.590574623,-0.684698876
1.03801901,-0.618681011,0.369012386,-0.670500752
1.043021511,-0.604302498,-0.530422209,-0.655718898
1.048024012,-0.589363281,-0.773132463,-0.640361317
1.053026513,-0.573871069,-0.750692558,-0.624436363
1.058029015,-0.557833908,-1.408065089,-0.607952731
1.063031516,-0.541260184,-0.796096185,-0.590919454
1.068034017,-0.524158603,-0.240722523,-0.573345895
1.073036518,-0.506538198,-0.833919793,-0.555241743
1.07803902,-0.488408311,-0.428318835,-0.536617007
1.083041521,-0.46977861,-0.161468833,-0.517482006
1.088044022,-0.450659054,-0.32448989,-0.497847369
1.093046523,-0.431059906,-0.435409616,-0.47772402
1.098049025,-0.410991717,0.178064444,-0.457123178
1.103051526,-0.390465335,-0.25385524,-0.436056347
1.108054027,-0.369491875,-0.482057178,-0.414535309
1.113056528,-0.348082727,-0.522253059,-0.392572114
1.11805903,-0.326249544,-0.843293848,-0.370179079
1.123061531,-0.304004247,-0.375301196,-0.347368772
1.128064032,-0.281358994,-0.246980678,-0.324154009
1.133066533,-0.258326192,-0.3021138,-0.300547846
1.138069035,-0.234918475,-0.62694855,-0.276563568
1.143071536,-0.21114872,-0.637935839,-0.252214683
1.148074037,-0.187030007,-0.286305382,-0.227514911
1.153076538,-0.162575633,-0.366492408,-0.20247818
1.15807904,-0.137799091,0.482261102,-0.17711861
1.163081541,-0.112714081,0.186336245,-0.15145051
1.168084042,-0.087334478,0.530925959,-0.125488368
1.173086543,-0.061674332,0.292460409,-0.099246839
1.178089045,-0.035747862,-0.496296928,-0.072740738
1.183091546,-0.009569457,-0.222267401,-0.045985031
1.188094047,0.016846359,-0.493196261,-0.018994823
1.193096548,0.043484915,0.426330175,0.008214648
1.19809905,0.070331415,0.074684069,0.035628023
1.203101551,0.097370924,0.481642765,0.063229832
1.208104052,0.124588409,-0.510345767,0.091004503
1.213106553,0.151968731,0.647700844,0.118936369
1.218109055,0.179496661,0.171039194,0.147009685
1.223111556,0.207156868,-0.311554089,0.175208629
1.228114057,0.234933963,0.238001865,0.20351732
1.233116558,0.262812488,-0.618212446,0.231919824
1.23811906,0.290776932,0.677228159,0.260400162
1.243121561,0.318811725,0.456508569,0.288942326
1.248124062,0.346901273,0.264535146,0.317530283
1.253126563,0.375029955,0.369283455,0.34614799
1.258129065,0.403182135,0.054452295,0.374779401
1.263131566,0.431342155,1.234145573,0.403408476
1.268134067,0.459494376,0.919856179,0.432019197
1.273136568,0.487623167,0.629551165,0.46059557
1.27813907,0.515712926,0.498111485,0.489121643
1.283141571,0.543748063,0.426509742,0.51758151
1.288144072,0.57171305,0.460435828,0.545959323
1.293146573,0.599592403,0.315301184,0.574239302
1.298149075,0.627370708,0.147915062,0.602405748
1.303151576,0.655032602,0.671038594,0.630443045
1.308154077,0.68256282,0.48574563,0.658335679
1.313156578,0.709946184,0.997222595,0.686068241
1.31815908,0.737167619,1.152627041,0.713625439
1.323161581,0.764212142,0.779880106,0.740992109
1.328164082,0.791064908,0.587506958,0.768153223
1.333166583,0.817711191,0.778818741,0.795093897
1.338169085,0.844136409,0.503131584,0.821799402
1.343171586,0.870326111,0.775514905,0.848255176
1.348174087,0.896266015,0.887177815,0.874446826
1.353176588,0.921941999,1.110590204,0.900360143
1.35817909,0.947340119,1.324965429,0.925981111
1.363181591,0.972446597,0.868850786,0.951295909
1.368184092,0.997247861,0.781618951,0.976290929
1.373186593,1.021730533,1.002863268,1.000952778
1.378189095,1.045881446,0.821660519,1.025268287
1.383191596,1.069687634,1.102374946,1.049224523
1.388194097,1.09313637,1.136412972,1.072808792
1.393196598,1.116215152,1.021625416,1.096008652
1.3981991,1.138911724,1.105282059,1.118811915
1.403201601,1.161214061,1.017290292,1.141206659
1.408204102,1.183110407,0.989494319,1.163181236
1.413206603,1.204589265,1.327314334,1.184724274
1.418209105,1.225639407,1.131783475,1.20582469
1.423211606,1.246249873,1.44353863,1.226471692
1.428214107,1.266409997,1.155298142,1.246654791
1.433216608,1.286109396,1.291359791,1.266363801
1.43821911,1.305337989,1.111796064,1.285588851
1.443221611,1.324085987,1.470341747,1.304320387
1.448224112,1.342343919,1.17430416,1.322549182
1.453226613,1.360102625,1.389315143,1.340266337
1.458229115,1.377353268,1.30799502,1.35746329
1.463231616,1.394087329,1.279727473,1.374131821
1.468234117,1.410296627,1.436478695,1.390264054
1.473236618,1.425973315,1.369682445,1.405852465
1.47823912,1.441109891,1.393585835,1.420889886
1.483241621,1.455699188,1.343660463,1.435369509
1.488244122,1.4697344,1.446958559,1.44928489
1.493246623,1.483209071,1.439877732,1.462629952
1.498249125,1.496117107,1.450453575,1.47539899
1.503251626,1.508452767,1.477491715,1.487586675
1.508254127,1.520210686,1.481388868,1.499188056
1.513256628,1.531385863,1.517335687,1.510198563
1.51825913,1.541973675,1.531470273,1.520614011
1.523261631,1.551969865,1.551583598,1.530430599
1.528264132,1.561370561,1.625999586,1.539644918
1.533266633,1.570172269,1.562448142,1.548253948
1.538269135,1.578371881,1.552156728,1.556255061
1.543271636,1.585966666,1.577869462,1.563646025
1.548274137,1.592954286,1.620375242,1.570425
1.553276638,1.599332788,1.586305975,1.576590545
1.55827914,1.605100609,1.613073047,1.582141616
1.563281641,1.610256574,1.611699874,1.587077565
1.568284142,1.6147999,1.611842023,1.591398142
1.573286643,1.618730195,1.622593876,1.595103495
1.578289145,1.622047459,1.629170439,1.59819417
1.583291646,1.624752081,1.612600749,1.600671108
1.588294147,1.626844844,1.641487402,1.602535649
1.593296648,1.628326918,1.604837801,1.603789526
1.59829915,1.629199867,1.654590614,1.604434867
1.603301651,1.629465642,1.63415401,1.604474191
1.608304152,1.62912658,1.599554617,1.603910409
1.613306653,1.628185408,1.611423631,1.60274682
1.618309155,1.626645233,1.544992991,1.600987111
1.623311656,1.624509548,1.616994182,1.598635349
1.628314157,1.621782226,1.580510429,1.595695987
1.633316658,1.618467516,1.381479633,1.592173852
1.63831916,1.614570044,1.608636127,1.588074148
1.643321661,1.610094808,1.522813858,1.58340245
1.648324162,1.605047175,1.765786432,1.578164702
1.653326663,1.599432879,1.656993352,1.572367211
1.658329165,1.593258012,1.538153925,1.566016642
1.663331666,1.586529033,1.560152991,1.559120019
1.668334167,1.579252747,1.501405798,1.551684714
1.673336668,1.571436314,1.47067033,1.543718446
1.67833917,1.563087236,1.543699213,1.535229274
1.683341671,1.554213362,1.573740488,1.526225595
1.688344172,1.544822872,1.46959199,1.516716135
1.693346673,1.534924278,1.438776438,1.506709943
1.698349175,1.524526417,1.62295911,1.49621639
1.703351676,1.513638451,1.635078689,1.485245156
1.708354177,1.502269852,1.64370637,1.473806231
1.713356678,1.490430399,1.350099258,1.461909902
1.71835918,1.478130175,1.521457307,1.449566751
1.723361681,1.465379565,1.436071783,1.436787646
1.728364182,1.452189235,1.407952518,1.423583734
1.733366683,1.438570138,1.239891786,1.409966437
1.738369185,1.424533499,1.470841163,1.395947437
1.743371686,1.410090822,1.262757868,1.381538678
1.748374187,1.395253862,1.48817556,1.366752351
1.753376688,1.380034634,1.260686371,1.351600891
1.75837919,1.364445396,1.407647247,1.336096966
1.763381691,1.348498653,1.423012336,1.320253469
1.768384192,1.332207134,1.341331579,1.304083512
1.773386693,1.315583794,1.095700815,1.287600414
1.778389195,1.2986418,1.546968286,1.270817699
1.783391696,1.281394537,1.590408353,1.253749077
1.788394197,1.263855577,1.377989096,1.236408447
1.793396698,1.246038688,1.143100292,1.218809878
1.7983992,1.227957814,1.303513839,1.200967606
1.803401701,1.209627083,1.183365948,1.182896025
1.808404202,1.191060779,0.914274239,1.164609672
1.813406703,1.172273341,1.008641776,1.146123226
1.818409205,1.153279352,0.703134393,1.12745149
1.823411706,1.134093545,1.392171991,1.108609391
1.828414207,1.114730767,1.004711368,1.089611961
1.833416708,1.095205988,0.910480837,1.070474334
1.83841921,1.075534285,0.984387074,1.051211733
1.843421711,1.055730844,1.117237972,1.031839464
1.848424212,1.03581093,1.023049848,1.0123729
1.853426713,1.015789895,0.534866323,0.992827479
1.858429215,0.995683155,0.518774489,0.973218686
1.863431716,0.975506201,0.635134196,0.95356205
1.868434217,0.955274564,0.284880832,0.933873131
1.873436718,0.935003819,0.799414676,0.914167511
1.87843922,0.914709572,0.722951521,0.894460781
1.883441721,0.894407463,1.076023484,0.874768536
1.888444222,0.87411313,0.870498908,0.855106363
1.893446723,0.853842222,0.791879113,0.835489829
1.898449225,0.833610374,0.853580289,0.815934475
1.903451726,0.813433219,0.460286281,0.796455803
1.908454227,0.793326349,0.554279714,0.777069267
1.913456728,0.773305325,0.136765734,0.757790265
1.91845923,0.753385659,0.640419389,0.738634126
1.923461731,0.733582818,0.778321493,0.719616103
1.928464232,0.713912192,0.802157006,0.700751362
1.933466733,0.694389102,1.00872928,0.682054973
1.938469235,0.675028778,0.410591016,0.663541899
1.943471736,0.655846369,0.753434015,0.64522699
1.948474237,0.636856908,0.718252644,0.62712497
1.953476738,0.618075321,0.825316512,0.609250428
1.95847924,0.599516406,0.682889988,0.591617812
1.963481741,0.581194841,1.062461164,0.574241415
1.968484242,0.563125153,0.783283571,0.557135371
1.973486743,0.545321723,0.428725142,0.540313643
1.978489245,0.527798769,0.124161815,0.523790014
1.983491746,0.510570352,0.707335083,0.50757808
1.988494247,0.493650346,0.760138892,0.49169124
1.993496748,0.477052444,0.8665421,0.476142688
1.99849925,0.460790142,-0.158231833,0.460945406
2.003501751,0.444876743,-0.030721557,0.446112153
2.008504252,0.42932533,-0.027409264,0.43165546
2.013506753,0.414148771,1.186057746,0.41758762
2.018509255,0.399359705,0.460399298,0.40392068
2.023511756,0.384970543,0.559196385,0.390666437
2.028514257,0.370993446,0.502472867,0.377836425
2.033516758,0.35744033,0.928200614,0.365441911
2.03851926,0.344322848,0.504560158,0.353493891
2.043521761,0.331652397,0.995375254,0.342003075
2.048524262,0.319440095,0.898005222,0.330979888
2.053526763,0.307696784,0.563733696,0.32043446
2.058529265,0.296433017,0.949163979,0.310376619
2.063531766,0.285659063,0.57043027,0.300815886
2.068534267,0.275384884,-0.103111566,0.291761471
2.073536768,0.265620141,0.347476601,0.283222264
2.07853927,0.256374181,-0.412401272,0.275206829
2.083541771,0.24765604,-0.084783888,0.267723402
2.088544272,0.239474428,-0.700794539,0.260779884
2.093546773,0.231837727,0.612857854,0.254383837
2.098549275,0.224753984,0.22049179,0.248542477
2.103551776,0.218230914,-0.173813391,0.243262671
2.108554277,0.212275884,0.515511761,0.238550935
2.113556778,0.206895915,0.428691601,0.234413425
2.11855928,0.202097674,-0.075742588,0.230855938
2.123561781,0.197887478,-0.838474073,0.227883905
2.128564282,0.194271277,0.457574269,0.225502391
2.133566783,0.19125466,-0.234741692,0.223716087
2.138569285,0.18884285,0.795756472,0.222529312
2.143571786,0.187040697,0.54857768,0.221946007
2.148574287,0.18585268,-0.311914057,0.221969737
2.153576788,0.185282899,0.351871396,0.222603683
2.15857929,0.185335077,0.419512228,0.223850643
2.163581791,0.186012556,0.754808676,0.225713032
2.168584292,0.187318292,-0.117053323,0.228192877
2.173586793,0.189254859,-0.033092705,0.23129182
2.178589295,0.191824442,-0.404595643,0.235011111
2.183591796,0.195028839,0.215487102,0.239351616
2.188594297,0.198869458,0.957908208,0.244313807
2.193596798,0.203347316,0.232916999,0.24989777
2.1985993,0.208463043,-0.38817694,0.256103199
2.203601801,0.214216872,-1.003435609,0.262929399
2.208604302,0.220608649,0.080736199,0.270375289
2.213606803,0.227637827,1.165454906,0.278439398
2.218609305,0.235303471,1.305676198,0.287119867
2.223611806,0.243604249,0.559418053,0.296414454
2.228614307,0.252538445,-0.668978318,0.306320533
2.233616808,0.262103954,-0.083034972,0.316835093
2.23861931,0.272298284,0.060222899,0.327954746
2.243621811,0.283118554,0.955607593,0.339675725
2.248624312,0.294561503,1.373798257,0.351993887
2.253626813,0.306623487,-0.018427196,0.364904717
2.258629315,0.319300484,-0.349481302,0.378403331
2.263631816,0.332588091,1.133169102,0.392484477
2.268634317,0.346481534,0.51215712,0.407142541
2.273636818,0.360975668,1.575499143,0.422371549
2.27863932,0.376064983,-0.225524057,0.438165173
2.283641821,0.391743594,0.524270481,0.454516733
2.288644322,0.408005265,1.436371933,0.471419202
2.293646823,0.424843401,0.055266255,0.48886521
2.298649325,0.442251055,0.49209,0.506847051
2.303651826,0.460220925,1.014182655,0.525356684
2.308654327,0.478745372,0.93365438,0.544385744
2.313656828,0.497816417,-0.011366357,0.563925541
2.31865933,0.517425748,0.172842281,0.583967071
2.323661831,0.537564715,0.591127372,0.604501018
2.328664332,0.558224356,0.90924004,0.625517762
2.333666833,0.579395384,1.744033876,0.647007384
2.338669335,0.601068209,1.200553448,0.668959676
2.343671836,0.623232918,0.859045746,0.691364142
2.348674337,0.645879313,1.126190084,0.714210007
2.353676838,0.668996899,1.686026095,0.737486227
2.35867934,0.692574895,0.757862947,0.761181493
2.363681841,0.716602231,1.217878458,0.785284236
2.368684342,0.741067573,1.611542639,0.809782641
2.373686843,0.765959319,1.855716015,0.834664649
2.378689345,0.791265613,2.194808829,0.859917967
2.383691846,0.81697433,1.212190117,0.885530075
2.388694347,0.84307312,1.207300714,0.911488235
2.393696848,0.869549387,-0.527483886,0.937779499
2.39869935,0.896390317,1.776588215,0.964390718
2.403701851,0.923582856,0.605985338,0.991308546
2.408704352,0.951113755,-0.277266786,1.018519456
2.413706853,0.978969557,0.718974283,1.046009742
2.418709355,1.007136614,0.495646998,1.073765533
2.423711856,1.035601074,0.160216896,1.101772797
2.428714357,1.064348924,-0.267382434,1.130017353
2.433716858,1.093365977,1.135858675,1.15848488
2.43871936,1.122637889,0.226980943,1.187160926
2.443721861,1.152150148,2.23725969,1.216030916
2.448724362,1.181888119,0.301131073,1.245080163
2.453726863,1.211837024,1.156399031,1.274293874
2.458729365,1.24198197,0.850483844,1.303657167
2.463731866,1.272307929,1.290493198,1.33315507
2.468734367,1.302799787,3.446652818,1.36277254
2.473736868,1.333442327,0.263745008,1.392494468
2.47873937,1.364220253,0.411590679,1.422305689
2.483741871,1.395118174,1.045691336,1.45219099
2.488744372,1.426120647,1.300280537,1.482135127
2.493746873,1.457212168,4.116448656,1.512122824
2.498749375,1.488377192,0.82510517,1.542138791
2.503751876,1.519600116,2.65611711,1.572167731
2.508754377,1.550865325,0.680224024,1.602194351
2.513756878,1.582157184,1.830484158,1.632203366
2.51875938,1.613460051,1.098112996,1.662179519
2.523761881,1.644758269,1.614818533,1.692107581
2.528764382,1.676036209,0.938376431,1.721972367
2.533766883,1.707278257,1.734942908,1.751758743
2.538769385,1.738468836,2.730031523,1.781451634
2.543771886,1.769592388,1.119622482,1.811036039
2.548774387,1.800633426,2.04347168,1.840497034
2.553776888,1.831576515,1.793904938,1.869819788
2.55877939,1.862406296,0.914901805,1.898989567
2.563781891,1.89310747,1.38063522,1.927991746
2.568784392,1.923664843,2.258256455,1.956811818
2.573786893,1.954063315,1.083343077,1.985435403
2.578789395,1.984287899,2.410136838,2.013848258
2.583791896,2.014323706,2.283138337,2.042036284
2.588794397,2.04415599,2.199808621,2.069985538
2.593796898,2.073770135,2.227967858,2.097682238
2.5987994,2.103151676,2.093755677,2.125112776
2.603801901,2.132286283,2.882994647,2.152263724
2.608804402,2.161159806,1.265341237,2.179121841
2.613806903,2.189758259,2.352477245,2.205674088
2.618809405,2.218067844,1.43248846,2.231907627
2.623811906,2.246074933,2.641215255,2.257809838
2.628814407,2.273766112,3.184742488,2.28336832
2.633816908,2.301128167,2.998791915,2.308570903
2.63881941,2.328148104,1.875022464,2.333405655
2.643821911,2.354813134,2.077473357,2.357860889
2.648824412,2.381110713,1.771090643,2.381925169
2.653826913,2.407028531,3.359085829,2.405587322
2.658829415,2.432554528,3.022798074,2.428836439
2.663831916,2.457676881,2.043113166,2.451661887
2.668834417,2.482384043,1.849902254,2.474053311
2.673836918,2.50666473,2.246768208,2.496000645
2.67883942,2.530507937,2.588427621,2.517494117
2.683841921,2.553902925,2.053123688,2.538524252
2.688844422,2.57683926,2.132436038,2.559081885
2.693846923,2.599306797,0.957304618,2.579158158
2.698849425,2.621295695,3.854363321,2.598744533
2.703851926,2.642796409,4.652390907,2.617832792
2.708854427,2.663799719,2.592690023,2.636415049
2.713856928,2.684296721,2.824896614,2.654483746
2.71885943,2.704278839,2.624753833,2.672031664
2.723861931,2.723737813,2.182904046,2.689051927
2.728864432,2.742665735,2.691858619,2.705538005
2.733866933,2.761055027,1.065148875,2.721483717
2.738869435,2.778898464,3.152420012,2.736883238
2.743871936,2.796189157,3.51520142,2.751731101
2.748874437,2.812920583,2.48004012,2.766022199
2.753876938,2.829086572,2.243998861,2.77975179
2.75887944,2.844681319,3.605959462,2.7929155
2.763881941,2.859699375,2.308537442,2.805509327
2.768884442,2.874135668,2.458410267,2.817529638
2.773886943,2.887985497,4.928558759,2.828973179
2.778889445,2.901244536,2.686412949,2.83983707
2.783891946,2.91390883,0.692258128,2.850118813
2.788894447,2.92597481,3.604362778,2.859816287
2.793896948,2.937439289,2.975701554,2.868927756
2.79889945,2.948299464,2.963048143,2.877451864
2.803901951,2.958552912,3.660045661,2.885387641
2.808904452,2.968197605,3.540305365,2.8927345
2.813906953,2.977231901,2.499817483,2.899492239
2.818909455,2.985654548,2.614237761,2.905661039
2.823911956,2.993464682,2.490019766,2.911241468
2.828914457,3.000661832,4.152123563,2.916234477
2.833916958,3.007245919,3.71044486,2.920641399
2.83891946,3.013217255,2.362445216,2.92446395
2.843921961,3.018576542,2.773224482,2.92770423
2.848924462,3.023324872,1.090664801,2.930364716
2.853926963,3.027463731,3.55111367,2.932448263
2.858929465,3.030994991,1.393787311,2.933958105
2.863931966,3.033920912,4.310508595,2.934897849
2.868934467,3.03624414,2.14478692,2.935271473
2.873936968,3.037967709,2.145829008,2.935083325
2.87893947,3.039095032,3.979829565,2.934338122
2.883941971,3.039629906,2.925535702,2.933040941
2.888944472,3.039576505,5.210197772,2.931197221
2.893946973,3.038939378,1.839103172,2.928812757
2.898949475,3.037723449,3.616123139,2.925893699
2.903951976,3.03593401,1.96899297,2.922446544
2.908954477,3.033576722,3.253460563,2.918478134
2.913956978,3.030657607,1.788679526,2.913995652
2.91895948,3.027183046,3.612754133,2.909006618
2.923961981,3.023159777,2.729617175,2.903518881
2.928964482,3.018594889,2.54031458,2.897540618
2.933966983,3.013495816,3.826801185,2.891080325
2.938969485,3.007870334,4.540234844,2.884146814
2.943971986,3.00172656,3.856784312,2.876749206
2.948974487,2.995072938,2.350026699,2.868896929
2.953976988,2.987918242,2.37645797,2.860599703
2.95897949,2.980271565,2.052504859,2.851867546
2.963981991,2.972142318,3.327295451,2.842710756
2.968984492,2.963540222,1.35603641,2.833139912
2.973986993,2.954475298,2.831501692,2.823165865
2.978989495,2.944957865,4.0647118,2.81279973
2.983991996,2.934998539,2.822336525,2.802052879
2.988994497,2.924608214,2.184908186,2.790936937
2.993996998,2.913798062,2.400840909,2.77946377
2.9989995,2.902579527,-0.01686841,2.767645479
3.004002001,2.890964318,4.217780851,2.755494395
3.009004502,2.878964397,2.716985531,2.743023066
3.014007004,2.866591972,1.969736236,2.730244255
3.019009505,2.853859502,2.025383069,2.717170927
3.024012006,2.840779669,2.647656572,2.703816241
3.029014507,2.827365384,1.972100707,2.690193545
3.034017009,2.813629772,1.712269698,2.676316367
3.03901951,2.799586174,2.680699267,2.6621984
3.044022011,2.785248125,2.801463417,2.647853503
3.049024512,2.770629354,3.280748872,2.633295685
3.054027014,2.755743771,2.569461991,2.618539099
3.059029515,2.740605469,2.936484978,2.603598031
3.064032016,2.725228697,2.973152211,2.588486894
3.069034517,2.709627866,3.450474336,2.573220217
3.074037019,2.693817531,0.712957191,2.557812635
3.07903952,2.677812396,0.488560161,2.542278881
3.084042021,2.661627284,3.410633125,2.526633774
3.089044522,2.645277142,2.698882495,2.510892216
3.094047024,2.628777025,3.650975317,2.495069174
3.099049525,2.6121421,1.985760809,2.479179677
3.104052026,2.595387616,3.005819811,2.463238803
3.109054527,2.578528906,3.058833258,2.447261672
3.114057029,2.561581376,2.545761722,2.431263432
3.11905953,2.544560503,2.189334023,2.415259255
3.124062031,2.527481809,2.339692135,2.399264324
3.129064532,2.510360862,1.693547126,2.383293823
3.134067034,2.493213263,3.749514474,2.367362928
3.139069535,2.476054645,3.134538407,2.3514868
3.144072036,2.458900647,2.317061449,2.335680569
3.149074537,2.441766918,1.451873152,2.319959333
3.154077039,2.424669095,2.42308924,2.30433814
3.15907954,2.407622813,3.233155534,2.288831984
3.164082041,2.390643673,3.360960021,2.273455793
3.169084542,2.373747243,1.570289745,2.258224422
3.174087044,2.356949045,2.76666796,2.243152638
3.179089545,2.340264558,4.942200813,2.228255118
3.184092046,2.323709186,3.299414193,2.213546435
3.189094547,2.307298265,2.014682286,2.199041048
3.194097049,2.291047045,1.642047962,2.184753297
3.19909955,2.274970692,2.704900799,2.170697391
3.204102051,2.259084263,3.610329613,2.156887399
3.209104552,2.243402705,1.910052703,2.143337242
3.214107054,2.227940845,1.352254639,2.130060682
3.219109555,2.212713385,2.077662785,2.117071319
3.224112056,2.197734882,1.832416932,2.104382574
3.229114557,2.183019749,1.161737415,2.092007687
3.234117059,2.168582236,2.463268218,2.079959708
3.23911956,2.154436438,0.403531382,2.068251484
3.244122061,2.140596266,1.453720693,2.056895657
3.249124562,2.127075451,0.506613581,2.045904651
3.254127064,2.113887528,2.38387347,2.035290668
3.259129565,2.101045843,3.659754822,2.025065678
3.264132066,2.088563521,0.945145134,2.01524141
3.269134567,2.076453474,2.195669345,2.005829349
3.274137069,2.064728389,1.627782728,1.996840726
3.27913957,2.053400724,1.401166551,1.98828651
3.284142071,2.042482691,3.640534488,1.980177403
3.289144572,2.031986254,2.473692012,1.972523833
3.294147074,2.021923121,3.734576274,1.965335946
3.299149575,2.012304743,1.330057259,1.9586236
3.304152076,2.003142292,1.718823607,1.952396361
3.309154577,1.994446668,2.47819254,1.946663494
3.314157079,1.986228482,1.198126247,1.941433959
3.31915958,1.978498061,1.598130968,1.936716404
3.324162081,1.97126543,0.876639129,1.932519161
3.329164582,1.964540309,1.508030469,1.92885024
3.334167084,1.958332112,3.375412011,1.925717325
3.339169585,1.952649938,2.331611554,1.923127765
3.344172086,1.94750256,2.058307524,1.921088576
3.349174587,1.942898429,1.672333511,1.919606432
3.354177089,1.93884566,1.910462291,1.918687661
3.35917959,1.935352035,1.206797414,1.918338245
3.364182091,1.932424991,1.737277056,1.91856381
3.369184592,1.93007162,5.104551604,1.919369627
3.374187094,1.928298661,1.802672849,1.920760608
3.379189595,1.927112501,1.060182477,1.922741303
3.384192096,1.926519164,2.964432104,1.925315894
3.389194597,1.926524314,1.295118339,1.928488198
3.394197099,1.927133247,-1.473298647,1.932261661
3.3991996,1.928350888,1.754352051,1.936639354
3.404202101,1.930181791,2.59334528,1.941623978
3.409204602,1.932630134,1.184009924,1.947217855
3.414207104,1.935699717,1.563985695,1.95342293
3.419209605,1.939393955,0.287702417,1.96024077
3.424212106,1.943715886,1.463947787,1.967672563
3.429214607,1.948668159,1.771879674,1.975719115
3.434217109,1.95425304,1.132736853,1.984380854
3.43921961,1.960472402,2.872035438,1.993657825
3.444222111,1.967327733,2.272591933,2.003549693
3.449224612,1.97482013,1.145053021,2.014055744
3.454227114,1.982950302,2.200009729,2.025174882
3.459229615,1.991718558,2.649412415,2.036905632
3.464232116,2.001124825,0.985253179,2.049246143
3.469234617,2.011168636,2.513925024,2.062194184
3.474237119,2.021849133,2.798098671,2.075747152
3.47923962,2.033165063,3.553639923,2.089902067
3.484242121,2.045114789,3.254183103,2.10465558
3.489244622,2.057696284,1.339232892,2.120003971
3.494247124,2.070907135,3.311991397,2.135943153
3.499249625,2.084744536,1.386166875,2.152468676
3.504252126,2.099205306,3.472551492,2.169575727
3.509254627,2.114285876,0.606673652,2.187259136
3.514257129,2.129982303,1.316339561,2.205513376
3.51925963,2.146290256,3.004827515,2.224332571
3.524262131,2.163205039,2.317815787,2.243710496
3.529264632,2.180721581,2.086517705,2.263640583
3.534267134,2.198834446,2.875602699,2.284115925
3.539269635,2.217537821,3.949038338,2.305129279
3.544272136,2.236825545,3.793917509,2.326673074
3.549274637,2.256691092,1.720169669,2.348739411
3.554277139,2.277127588,2.435758865,2.371320073
3.55927964,2.2981278,1.752785941,2.394406527
3.564282141,2.319684158,2.637755373,2.417989932
3.569284642,2.34178875,2.210893917,2.442061142
3.574287144,2.364433333,1.292906302,2.466610714
3.579289645,2.387609322,1.586816078,2.491628913
3.584292146,2.411307819,2.862065831,2.517105717
3.589294647,2.435519602,3.633248611,2.543030828
3.594297149,2.460235144,4.381206068,2.569393674
3.59929965,2.485444591,1.815974777,2.596183418
3.604302151,2.511137807,3.052911318,2.623388962
3.609304652,2.537304353,2.703580774,2.65099896
3.614307154,2.56393351,2.524991639,2.679001819
3.619309655,2.59101426,1.159267504,2.707385712
3.624312156,2.618535324,4.026779726,2.736138578
3.629314657,2.646485155,3.758723034,2.76524814
3.634317159,2.674851948,3.229033335,2.794701904
3.63931966,2.703623627,2.176040323,2.824487171
3.644322161,2.73278789,3.081738249,2.854591044
3.649324662,2.762332192,3.570504147,2.885000437
3.654327164,2.79224376,2.424183658,2.915702085
3.659329665,2.822509586,3.23456437,2.946682547
3.664332166,2.853116463,3.145209552,2.977928221
3.669334667,2.884050974,3.832425782,3.009425348
3.674337169,2.91529951,3.897983483,3.041160025
3.67933967,2.946848255,2.89271869,3.073118208
3.684342171,2.978683233,1.378907473,3.105285727
3.689344672,3.010790289,3.201678957,3.137648292
3.694347174,3.043155112,3.841376435,3.170191503
3.699349675,3.075763219,4.514757742,3.202900858
3.704352176,3.108600003,2.168755211,3.235761763
3.709354677,3.141650712,2.004416006,3.268759541
3.714357179,3.174900478,3.613041865,3.301879444
3.71935968,3.208334295,4.5227805,3.335106658
3.724362181,3.24193707,3.404769991,3.368426314
3.729364682,3.275693604,4.315038796,3.4018235
3.734367184,3.309588618,2.964531943,3.435283267
3.739369685,3.343606735,3.778784269,3.468790642
3.744372186,3.377732525,3.261773002,3.502330632
3.749374687,3.411950496,3.753656654,3.535888241
3.754377189,3.446245112,4.098452385,3.569448473
3.75937969,3.480600773,2.353010604,3.602996345
3.764382191,3.515001875,2.097342862,3.636516895
3.769384692,3.549432781,2.513828119,3.669995194
3.774387194,3.583877853,3.384814936,3.703416352
3.779389695,3.618321431,2.886761837,3.736765529
3.784392196,3.652747884,3.30408813,3.770027945
3.789394697,3.687141594,2.134466761,3.80318889
3.794397199,3.721486975,2.990719351,3.83623373
3.7993997,3.755768462,3.20344612,3.86914792
3.804402201,3.789970556,2.897667685,3.901917012
3.809404702,3.82407781,3.401533635,3.934526662
3.814407204,3.858074851,4.620707806,3.966962643
3.819409705,3.89194636,4.093576033,3.99921085
3.824412206,3.925677128,3.941697193,4.031257314
3.829414707,3.959252034,4.848467383,4.063088204
3.834417209,3.992656067,4.815999861,4.094689841
3.83941971,4.025874314,4.499036728,4.126048706
3.844422211,4.058892004,4.226567347,4.157151447
3.849424712,4.091694493,5.009957792,4.187984886
3.854427214,4.124267285,2.985069081,4.218536033
3.859429715,4.156596019,3.502341861,4.248792088
3.864432216,4.188666511,4.53089648,4.278740452
3.869434717,4.22046474,3.907659179,4.308368734
3.874437219,4.251976873,4.51082365,4.337664762
3.87943972,4.283189239,5.862646077,4.366616584
3.884442221,4.314088388,2.41112535,4.395212483
3.889444722,4.344661061,5.736378368,4.423440978
3.894447224,4.374894222,3.463017322,4.451290836
3.899449725,4.404775035,3.896669821,4.478751075
3.904452226,4.434290909,2.949079134,4.505810976
3.909454727,4.463429488,4.420581683,4.532460083
3.914457229,4.492178659,4.294256727,4.558688216
3.91945973,4.520526548,4.224869806,4.584485473
3.924462231,4.548461556,6.114400744,4.609842238
3.929464732,4.575972343,3.579241704,4.634749186
3.934467234,4.60304785,3.511482338,4.659197291
3.939469735,4.629677279,3.540219773,4.683177828
3.944472236,4.655850137,5.137577958,4.706682382
3.949474737,4.68155622,5.560943089,4.72970285
3.954477239,4.706785626,4.830145913,4.752231449
3.95947974,4.731528747,4.180902524,4.77426072
3.964482241,4.755776299,5.540570624,4.795783529
3.969484742,4.779519313,4.000180163,4.816793077
3.974487244,4.802749149,5.215435212,4.8372829
3.979489745,4.825457478,5.45809364,4.857246875
3.984492246,4.847636324,3.824557793,4.876679223
3.989494747,4.869278041,5.278325708,4.895574512
3.994497249,4.890375334,4.796827494,4.913927663
3.99949975,4.910921243,5.749392395,4.931733947
4.004502251,4.930909173,5.830236139,4.948988994
4.009504752,4.950332882,5.109484599,4.965688794
4.014507254,4.969186491,5.385952786,4.981829696
4.019509755,4.987464478,4.708838189,4.997408415
4.024512256,5.005161696,5.217280628,5.012422029
4.029514757,5.022273368,6.195157972,5.026867986
4.034517259,5.038795094,4.994376718,5.040744101
4.03951976,5.05472284,4.69532527,5.054048557
4.044522261,5.070052962,5.579359858,5.06677991
4.049524762,5.084782195,4.933507401,5.078937086
4.054527264,5.098907659,5.4724046,5.090519383
4.059529765,5.112426854,5.059915734,5.101526471
4.064532266,5.125337671,5.925664454,5.11195839
4.069534767,5.137638391,4.709819727,5.121815553
4.074537269,5.149327685,4.689267558,5.131098744
4.07953977,5.160404606,5.772521698,5.139809116
4.084542271,5.170868608,5.882559786,5.147948191
4.089544772,5.180719531,5.113097506,5.155517861
4.094547274,5.18995761,5.87201156,5.162520381
4.099549775,5.198583465,5.44476217,5.168958373
4.104552276,5.206598113,5.634105609,5.17483482
4.109554777,5.214002958,5.58549672,5.180153066
4.114557279,5.220799795,5.208564665,5.184916812
4.11955978,5.226990805,4.277096195,5.189130116
4.124562281,5.232578558,5.997046953,5.192797387
4.129564782,5.237566009,6.217143765,5.195923382
4.134567284,5.241956495,5.827782598,5.198513207
4.139569785,5.245753735,5.654103483,5.200572306
4.144572286,5.248961827,5.027489961,5.202106464
4.149574787,5.251585246,5.25113555,5.2031218
4.154577289,5.253628839,4.755149389,5.203624763
4.15957979,5.255097826,5.20259228,5.203622125
4.164582291,5.255997791,4.569620138,5.203120984
4.169584792,5.256334686,5.53655169,5.202128748
4.174587294,5.256114818,5.62953077,5.20065314
4.179589795,5.255344855,5.011622493,5.198702188
4.184592296,5.254031815,5.605750119,5.196284218
4.189594797,5.252183061,5.541412568,5.193407852
4.194597299,5.249806304,5.08379033,5.190082
4.1995998,5.246909589,5.463876372,5.186315854
4.204602301,5.243501297,5.070559335,5.182118883
4.209604802,5.239590134,4.733042791,5.177500825
4.214607304,5.235185129,5.421107216,5.172471681
4.219609805,5.230295632,4.930250691,5.167041707
4.224612306,5.224931299,4.878798452,5.161221412
4.229614807,5.219102092,5.179080844,5.155021543
4.234617309,5.212818272,5.352719818,5.148453084
4.23961981,5.206090393,4.649118197,5.141527245
4.244622311,5.198929295,5.977686235,5.134255458
4.249624812,5.191346094,5.184063154,5.126649365
4.254627314,5.183352179,4.991172486,5.118720813
4.259629815,5.174959208,5.412355867,5.110481845
4.264632316,5.166179091,4.80556268,5.101944693
4.269634817,5.15702399,4.753777547,5.093121768
4.274637319,5.147506307,5.234731185,5.084025652
4.27963982,5.137638685,4.696376537,5.07466909
4.284642321,5.127433989,5.154050361,5.065064982
4.289644822,5.116905303,5.385159309,5.055226375
4.294647324,5.10606592,5.299720754,5.045166449
4.299649825,5.094929341,4.484081872,5.034898515
4.304652326,5.083509255,5.05297726,5.024436002
4.309654827,5.071819538,5.260410958,5.01379245
4.314657329,5.059874241,4.905155264,5.002981498
4.31965983,5.047687589,5.220494816,4.992016877
4.324662331,5.035273958,5.151186338,4.980912401
4.329664832,5.022647878,4.267155298,4.969681957
4.334667334,5.009824016,4.617618172,4.958339496
4.339669835,4.996817178,4.381527803,4.946899021
4.344672336,4.983642286,5.028513226,4.935374584
4.349674837,4.970314376,5.301221677,4.923780267
4.354677339,4.956848585,5.278692606,4.912130182
4.35967984,4.943260153,5.148237556,4.900438456
4.364682341,4.929564396,5.018826918,4.888719222
4.369684842,4.915776708,5.248091871,4.876986612
4.374687344,4.901912545,4.852811878,4.865254743
4.379689845,4.887987428,5.266404153,4.853537713
4.384692346,4.874016915,4.794001386,4.841849586
4.389694847,4.860016601,5.071756613,4.830204388
4.394697349,4.846002109,5.03827665,4.818616091
4.39969985,4.831989084,4.812725797,4.80709861
4.404702351,4.817993169,4.844027192,4.79566579
4.409704852,4.80403001,4.769004727,4.784331396
4.414707354,4.790115235,4.666584089,4.773109108
4.419709855,4.776264458,4.77240507,4.762012505
4.424712356,4.762493254,4.997153945,4.751055062
4.429714857,4.748817157,4.874700837,4.740250138
4.434717359,4.735251647,5.100917117,4.729610967
4.43971986,4.721812154,4.959893453,4.719150649
4.444722361,4.708514023,4.931756473,4.708882141
4.449724862,4.695372526,4.591798479,4.69881825
4.454727364,4.68240284,5.012695313,4.688971621
4.459729865,4.669620051,4.300280118,4.679354731
4.464732366,4.657039127,4.499639872,4.669979881
4.469734867,4.644674921,4.366663448,4.660859183
4.474737369,4.632542157,4.734742648,4.652004558
4.47973987,4.620655426,4.650595014,4.643427722
4.484742371,4.60902917,4.558617093,4.635140183
4.489744872,4.597677673,4.62899211,4.62715323
4.494747374,4.586615058,4.696292885,4.619477925
4.499749875,4.575855279,4.686732114,4.612125098
4.504752376,4.565412102,4.726271539,4.605105336
4.509754877,4.555299105,4.828825774,4.598428979
4.514757379,4.545529665,4.407737435,4.59210611
4.51975988,4.536116959,4.589997928,4.586146552
4.524762381,4.527073941,4.467680781,4.580559855
4.529764882,4.518413346,4.236888405,4.575355295
4.534767384,4.510147674,4.513027538,4.570541865
4.539769885,4.50228919,4.611922209,4.566128268
4.544772386,4.49484991,4.541439857,4.562122913
4.549774887,4.487841594,4.678914859,4.558533908
4.554777389,4.481275742,4.16910417,4.555369054
4.55977989,4.475163586,4.344559999,4.552635838
4.564782391,4.46951608,4.467626842,4.550341431
4.569784892,4.464343896,4.600254329,4.548492682
4.574787394,4.459657416,4.448157861,4.54709611
4.579789895,4.455466727,4.532616147,4.546157902
4.584792396,4.451781613,4.337477483,4.545683909
4.589794897,4.44861155,4.42375179,4.545679639
4.594797399,4.445965698,4.386235888,4.546150257
4.5997999,4.443852899,4.344535978,4.547100576
4.604802401,4.442281668,4.361147162,4.548535057
4.609804902,4.44126019,4.481200804,4.550457806
4.614807404,4.440796312,4.370272509,4.552872567
4.619809905,4.440897543,4.419935976,4.555782723
4.624812406,4.441571044,4.401808085,4.559191291
4.629814907,4.442823627,4.273924603,4.563100923
4.634817409,4.444661749,4.434493887,4.567513896
4.63981991,4.447091507,4.473476483,4.57243212
4.644822411,4.450118639,4.505897394,4.577857129
4.649824912,4.453748514,4.466723106,4.58379008
4.654827414,4.457986136,4.435588598,4.590231758
4.659829915,4.46283613,4.490274137,4.597182567
4.664832416,4.468302751,4.45828769,4.604642532
4.669834917,4.474389876,4.506208191,4.612611303
4.674837419,4.481100999,4.489763227,4.621088147
4.67983992,4.488439232,4.486042556,4.630071954
4.684842421,4.496407304,4.428758144,4.639561233
4.689844922,4.505007556,4.514337722,4.649554116
4.694847424,4.514241946,4.508808239,4.660048357
4.699849925,4.524112035,4.524207967,4.671041331
4.704852426,4.534618999,4.541974297,4.68253004
4.709854927,4.545763625,4.546616566,4.69451111
4.714857429,4.557546308,4.55371044,4.706980794
4.71985993,4.569967047,4.575794559,4.719934973
4.724862431,4.583025455,4.566607057,4.733369163
4.729864932,4.596720751,4.59422657,4.74727851
4.734867434,4.611051769,4.616644609,4.761657798
4.739869935,4.626016943,4.641308995,4.776501449
4.744872436,4.641614325,4.675326589,4.791803528
4.749874937,4.65784158,4.674192741,4.807557745
4.754877439,4.674695987,4.662251056,4.82375746
4.75987994,4.692174432,4.670280459,4.840395686
4.764882441,4.710273427,4.725764917,4.85746509
4.769884942,4.728989104,4.694546055,4.874958003
4.774887444,4.748317216,4.794600534,4.892866422
4.779889945,4.768253132,4.719323714,4.911182012
4.784892446,4.788791861,4.869706105,4.929896114
4.789894947,4.809928035,4.810952221,4.948999751
4.794897449,4.831655928,4.897665702,4.968483628
4.79989995,4.853969438,4.839364722,4.988338145
4.804902451,4.876862117,4.776429842,5.008553397
4.809904952,4.900327157,5.06677887,5.029119181
4.814907454,4.924357406,4.924455079,5.050025004
4.819909955,4.948945353,4.745439084,5.071260088
4.824912456,4.974083157,4.978687573,5.092813378
4.829914957,4.999762638,5.091201851,5.114673546
4.834917459,5.025975292,4.924275989,5.136828999
4.83991996,5.05271227,5.30760833,5.159267887
4.844922461,5.07996442,5.294143989,5.181978111
4.849924962,5.107722272,5.069647962,5.204947327
4.854927464,5.13597605,4.994266426,5.228162957
4.859929965,5.164715661,5.07863107,5.251612193
4.864932466,5.193930732,5.42333805,5.275282011
4.869934967,5.223610595,5.274160969,5.299159173
4.874937469,5.253744305,5.040656538,5.323230236
4.87993997,5.284320623,5.29972305,5.347481564
4.884942471,5.315328058,5.440185756,5.371899333
4.889944972,5.346754851,5.357715918,5.396469542
4.894947474,5.378588998,5.29690773,5.421178018
4.899949975,5.410818225,5.228335167,5.446010429
4.904952476,5.443430039,5.421707647,5.470952291
4.909954977,5.476411711,5.45647741,5.495988976
4.914957479,5.509750293,5.640172729,5.521105723
4.91995998,5.543432601,5.26818605,5.546287646
4.924962481,5.577445266,5.416915261,5.571519745
4.929964982,5.611774713,5.505341557,5.596786912
4.934967484,5.646407181,5.692728534,5.622073945
4.939969985,5.681328711,5.837580239,5.647365554
4.944972486,5.716525187,5.914342538,5.67264637
4.949974987,5.751982325,5.677151187,5.69790096
4.954977489,5.787685693,5.492846245,5.72311383
4.95997999,5.823620689,6.172383218,5.74826944
4.964982491,5.859772597,6.20109309,5.77335221
4.969984992,5.896126566,5.895365974,5.798346532
4.974987494,5.932667633,6.120638507,5.823236781
4.979989995,5.969380706,5.848127744,5.848007321
4.984992496,6.006250611,5.594345698,5.872642518
4.989994997,6.043262081,6.116609287,5.897126749
4.994997499,6.080399773,6.203145737,5.921444413
5,6.11764825,5.991496236,5.945579939